Id,Value (M)
280,18.109905232356788
569,18.999839925718213
8731,1.7424327558676325
10085,0.5783499551269742
9831,0.7561707931085309
7346,0.6805763468224697
10496,0.8888430490704238
8318,1.6607551193184449
17589,0.18108540612583823
3615,0.5363981332443117
1303,5.664805223442578
9425,1.0891482001209951
108,28.141486424046
15757,-0.30097674502187743
8768,-0.06563253553452597
15149,-0.04776569244314288
3442,2.1134892957750466
11995,0.3956492637014648
6585,0.7828775347401447
18,25.001317797114687
15182,-0.3462411275406012
14631,0.15166275018997766
2324,5.22982074539717
1614,5.544858584870603
17085,0.893543743846287
8561,0.46966016493393425
8122,0.7035446915925192
412,10.41412017176102
2249,7.690754173493495
2685,4.872947218735497
16094,-0.4848983818132879
14387,-0.05961773891181821
12257,-0.3146662256596997
2013,5.0267228037282266
3988,3.686554242908464
5369,0.4517754478196352
13790,0.4301669313107297
482,12.261122737624156
7328,2.351750668490034
17121,2.2740827250823017
13305,-0.3424947434189747
16634,-0.6202920579966573
16766,-0.05555668491215471
11989,0.42897726778416967
177,12.360229196256135
16628,-0.18337784382406852
8120,1.9065061714093687
4069,5.112795778826204
5618,4.440261931103883
11309,1.101702983924831
15007,-0.2709257285221227
2019,6.243924363438673
10905,0.28016777729788345
14866,-0.2824767183654231
2099,6.112104223068563
14183,0.23325243748029578
3839,3.071541334220676
9164,-0.06183383403465115
15227,0.2681400828067737
3374,4.528353104093604
5413,3.8899573690753115
16516,-0.4049311920240726
13373,-0.08737704050825101
8823,0.5000717497694822
11210,0.018663755899005707
11486,0.25340249446514207
2443,4.218876626275339
7564,0.9389653031239718
4263,2.8451471525689485
3405,5.091736999845828
14382,-1.1309654338373107
2662,1.9345655458456221
2816,3.9768687296572622
5927,1.7790699054656542
15028,0.3587523319187014
8814,0.658035050243619
12158,0.4758263691996589
5833,1.4294879497803876
16331,-0.17778734747219715
5905,2.381398858519752
6523,3.7509161017905726
1122,8.338402398926057
14250,-0.24713128047248034
14604,-0.436901679455481
8420,1.45920849113309
16088,-0.14614441754074647
5088,1.4916654580442739
3087,2.5189596667150553
16946,0.28863461440004556
14846,-0.27546459447174954
13055,-0.7082284962714098
3285,3.0065309832823104
2597,3.987594176103407
9529,0.912823330898469
1522,6.899485659190837
3987,2.685729849172297
6902,0.17651973502909613
3108,5.0563169606137635
7026,1.0561039423416432
6885,-0.027218650797216526
10399,0.609025262251059
8395,-0.3996923811428772
4255,4.40377135764836
16589,0.1220012208964576
12437,0.773828529227437
369,12.89052859847984
13474,0.10507684822294294
16333,0.29960222246770485
16219,-0.27099831597193
15651,-0.08472222353587
7171,-0.5033249572999878
2709,6.6452487876440145
12293,0.24323236452863028
14738,0.1792449106632077
14039,0.08143729595106919
3755,1.9469407599527742
6373,1.50450384524094
682,8.544847515754888
7248,1.4681300349846182
8916,0.6231439489987949
6710,1.8858165649147551
14360,-0.16539305123880155
5951,2.8623445861450065
3672,5.53382705952631
11867,0.30964589518918473
13995,0.06518737029852417
6502,3.5526443476548124
732,11.998861948190061
9997,0.14557248296724623
13434,-0.06648796737477625
17911,1.8303987605928072
3540,4.984067930367495
8031,0.9911877401682077
14851,0.11750648867353419
12276,0.233066091052045
16859,-0.006032379785132491
3356,7.051826107179885
10071,1.9988775058637813
7726,0.9504586134675819
128,38.98936832560809
17632,0.4799724359933677
1991,6.096862329838608
3506,4.242994351512515
2826,4.761361818901314
10611,0.09562009372034908
2317,8.927805752318129
15582,-0.5562032009901046
14400,0.058086484889450674
13695,0.1773761197848316
17406,0.2737905834166199
9339,-0.30302583042237785
2308,5.2659630654018414
16785,0.4100104562175986
12846,0.3855177748635512
10930,1.0462097146182643
8648,1.3983200888721612
17739,1.3481324496007616
1926,5.8024445824474
12966,0.6371454147202016
8075,1.968653998112977
15741,-0.3278277374974792
15823,-0.5952067681979045
9944,0.9527511227911631
8440,-0.02167751365926307
15613,0.02727487971065301
8638,1.7272219353121656
4227,2.2580676375376854
14290,0.5023535388316915
4936,2.295341405019819
11367,0.4188437628111146
5748,2.738537017846788
9489,1.1414416690755544
11597,0.5571956593417653
8690,0.9566318595545269
2017,5.014489891830941
13720,-0.5049547892250317
8230,2.8778099673711424
14558,0.30994996414781184
17767,0.9900633845853477
2312,5.105506536951388
11285,0.5089244918857148
667,10.30402864969934
9347,1.4881146019674176
12638,0.888169138014625
9537,0.9446665766323221
9430,1.1672244842981954
11439,0.3462773724570454
576,16.202500173272675
1110,12.839858792062977
5741,1.4847701291560824
11870,0.5711006063116528
3219,3.2890475627883333
189,19.313825531289943
543,18.09241218453672
4129,3.105751720487085
14005,0.1806211892872156
4651,2.6417477280427804
15380,-0.6226055530158376
10400,0.8334125996149098
2605,4.985546945453642
9403,1.7672306565383948
16181,-0.05762117244099585
5687,1.4702972937736192
2290,2.399442222205515
6829,0.8213485353916141
6436,2.044712180025094
15170,-0.10609585558371037
17070,1.173206025755384
12526,0.2510237877960364
10642,0.7158473928836813
1666,6.551382576968301
2270,4.253434921146685
17842,0.8770587839650901
4664,3.5116377359578266
16081,-0.0023997342873585126
5018,1.5037049806562592
5415,2.456128922838694
8459,1.6660744328579753
2459,5.205711918625973
16656,-0.11840066789087444
782,11.567869793704482
14443,0.3060722086591099
13069,0.2716835253800056
16997,-0.17020450803325815
3159,3.9365678886451505
14031,0.10359665971483167
7187,2.3033544875022685
15318,-0.5363937695995062
14057,0.3536762843203505
13453,0.24270560555034848
7919,1.2652182368274154
5872,1.9685923999588724
11583,0.07544129221525253
6783,-0.12881912120378303
6034,1.1948691010676598
5503,1.098718231600536
7440,0.3908265041984791
4985,2.235489542656346
17636,0.6958316369414277
14213,0.34883469618065277
11889,0.3481194380690269
12611,-0.17441168453417077
13747,0.06947617903085046
12772,0.06383169853125281
2212,5.711831383709146
5939,1.6886175811414077
2199,5.383764006672372
1138,9.161894559776066
13541,0.4721473266883649
7835,0.28022031311677864
6615,3.316283475735979
10564,0.3933533991544138
15017,0.0039790102781793735
8660,0.6551860797165077
9411,0.5620070702782911
9886,0.46212629269989947
14792,-0.558359938620022
10796,0.40950190515160756
8362,1.8811216044068644
9191,0.673627783890872
7031,1.8606501590717457
10019,0.3347270252784469
4991,0.41696655922390136
6147,-2.1559180775904068
6087,-2.0099170296380535
11941,0.8525828888635019
15919,0.9419584826862817
15530,-0.19172467998749454
16296,-0.3454780674899567
13463,-0.1336221604332266
845,8.240847921570797
17318,0.14381868434347922
9532,1.0068326872281474
1442,8.249828591608654
6462,1.5933577700550572
11749,0.5391097307624122
1265,7.1556960804865
3702,5.652707747074594
13936,-0.06618306153325904
16182,-0.3400701766220706
7790,0.2659767089735041
3499,5.026803844454797
8806,1.195798658026483
3476,4.950437233909547
10542,0.29119456897628737
321,18.54291986817389
16544,0.17366757747395667
563,15.142930035790805
10474,0.5076307878917916
16125,0.26220401822342154
10801,-0.07538307222061036
5090,3.022629023540695
14050,0.1931432979319183
13113,-0.4246048370715769
15029,-0.18663427173425617
1831,6.052472206480438
6713,1.3715351673967504
11683,0.5269127178145752
243,16.50881040835113
92,38.14485951838656
1326,5.1162246183621605
7539,0.592647345393992
6245,1.4690193267348874
6805,1.8259300703379822
8024,1.8868886850611872
4176,3.484123556004185
12556,0.24584465170547531
6628,1.311856224271871
17109,0.5598211256468417
7145,0.12920487839269157
8431,1.3971030504586324
4992,2.134224348421604
15353,-0.09080734267667623
1758,8.349731386518577
2870,2.074237703951546
7530,-0.03852876510206471
13372,0.18431544617302364
11955,0.3428994935678631
17456,0.30615695635029994
9727,1.0629529706132175
5717,0.4892616892459998
10952,0.5521717619618514
334,17.789204088725846
11544,0.4803827021279048
8083,0.5621148374642573
10377,0.25780409982225905
13448,0.14701374035194448
10476,0.4787908512043302
511,11.640724479907355
2288,6.551515087346154
9288,1.1209721736245442
4715,2.799617566390502
5103,0.7061886765539427
8111,0.6014097383953398
1556,8.63291323315601
9644,0.8125040753683876
12850,0.4136488827334617
13147,0.5219958664195801
9440,0.5808104950922583
14492,-0.09955719493877524
7535,-0.727431721237572
137,32.99217229764016
5661,1.717995385827173
2070,4.01295457765314
12348,-0.018351971664380073
6835,2.5187238075604554
14987,0.06729890388418625
14092,-0.818622383936777
7284,0.9155708496064321
13970,-1.3523299323895586
2178,5.371587341145094
568,16.816068304110523
10149,0.5653142324801124
1045,4.619067056862313
42,41.70907134950368
2973,6.946632795242088
11837,0.8644946711982229
8625,1.0102307830345225
16130,0.08809514567790444
12889,0.22060208346180588
2314,5.197507385513795
4149,0.04032730179110189
10342,0.6091245102475895
12541,0.23180961804504108
1183,10.61382185020198
9319,0.40300040018913563
10697,0.326499227430439
9234,0.24509479193766737
2722,4.606491158392053
16346,-0.37885141091964414
9499,1.3889284209685897
6826,1.6234104048192464
15431,0.1755596002207298
17184,0.3535507410401735
801,5.9090148937091485
2468,7.599150525675803
9698,0.2638355894960611
13652,0.10583693612931455
4750,1.1667718865529295
10046,1.2865201596572362
10206,0.6899368986133751
13242,0.2649847316462157
16425,0.1816731525016948
6196,1.8012370891673513
6404,2.626881348568297
10464,0.1135811140727796
3133,2.0064473251893773
8846,0.6016081582198964
15800,-0.2810768637441541
4668,3.0507946429775004
689,4.386585859165841
5165,1.936013364855505
14209,0.13222519000097321
7629,1.6697388867660763
9780,-0.12508529199556762
1457,7.000827311804976
12444,-0.17916081337191514
2800,1.7838413921651508
6223,0.5900750239247756
597,14.682728441316293
11041,0.04170961693468911
11705,0.10757707855801613
16157,0.08711193241710902
4097,2.397451490783361
3291,3.191841942542929
9069,1.1353702973646804
448,18.979068618872752
8965,0.6431979056922543
13139,0.3355153800602224
13598,-0.0550315967245254
14236,-0.03200712397282501
15158,1.0853883246933762
15389,-0.5218298000467385
4676,2.0954296085789608
36,49.32965973968759
254,17.577634304589928
17354,-0.20380203099225724
17753,1.7700266883902813
13761,0.16722459264530443
14780,0.33889657383164007
9102,0.7110549379309745
14647,-0.1910156655904487
491,11.336553901686209
6977,1.4635946833723708
12131,0.38707265460546836
15481,-0.08445874439352252
11379,0.1540495935808437
11533,-0.03570805873989258
12657,0.17199045206157137
15162,-0.09026316448603922
10191,0.21115098882736305
6141,1.8062152331720185
15307,-0.10456285383043706
12456,0.226679368856189
6764,-0.7156637659757692
14279,0.49177645514762247
3994,2.7422169901667175
9132,1.4744571249555278
10561,0.5752211762206443
15648,-0.08426307453235182
8641,-1.0807856813041283
8324,0.2998084942800219
3036,1.9725178562974506
15859,-0.1539981980521148
13143,-0.07562454115927864
13582,0.011638574049150918
2444,4.183484888484223
5884,-0.6185493544186684
9413,1.2352533655301485
16527,0.053936229039088346
11203,0.3981488575827754
7965,1.6735105038597382
8737,1.8326812063759164
12512,0.3752532592922009
14999,-0.3109871832787192
10139,0.5377979827457793
6518,2.0792125636583236
13809,-0.019858075145556597
17322,0.45183057491896506
6342,2.1080433228043987
13233,0.06106889320852105
5723,0.0959804386388825
298,12.608460247552465
13600,-0.12938648161739508
11536,0.19819934133092687
9076,0.3681471108933678
2164,1.4700709500970603
9576,0.32172200438275667
13839,0.3112235933307588
778,11.36229735622313
10140,0.1339441717174097
1195,11.15886804240207
11000,0.6736474406702015
1337,5.229572657255822
14776,-0.18145035333188986
16719,0.23170031559276794
3749,3.172916273141958
15083,-0.1566533068947038
11490,0.13754388515010163
5192,1.5693715873479945
535,20.289131380907
9469,0.4505840584671361
16860,0.04425104870744434
2129,3.984547934997998
5182,2.029525341099138
16083,-0.6526675836887179
2339,4.482344171653629
10586,0.18769720645800447
12641,-0.09449337266031677
2806,4.290498472747679
15246,0.19577107443901554
5701,3.0530428637204565
16757,0.33830284911575603
9849,1.1016055380520342
9610,0.8533858906744101
15011,-0.2491999915218699
4445,2.0512222525871593
3773,2.9724394208363876
503,9.141069040216898
14707,0.13386905614233768
288,15.279580711962574
4773,1.156351329254072
16559,-0.30756472879662766
3357,3.252449000009072
400,16.265735450615317
15250,0.08010238468556707
1565,6.861844698617681
16165,-0.4824111240056723
14799,0.18521745889614039
16810,0.10790252426691183
15222,0.22519864610946883
12061,-0.04481425670386585
4984,2.5788638865905043
6386,1.0073905563568175
17924,1.4373009401757812
3501,2.9854490851808677
9605,-0.4059228169764779
9150,0.3421604233957325
2190,5.420896502913813
14853,-0.6102598440502973
8452,0.2278691255151486
5436,2.184578831913477
8607,1.7205747441463117
9876,-0.0559913346455474
8853,1.3410820079680477
9748,0.48124197121165224
6629,2.201512803031015
3937,2.8017995577771373
12226,0.1039593967198229
630,13.165110745002629
6016,1.5109457233932844
3121,1.764290581820653
11651,0.7880251311650781
10975,0.260625043848016
10234,0.919438666967828
9408,0.5985326705707834
1446,7.809333977142181
16252,-0.6341220951887223
6073,0.9813184891671014
17047,0.8934735131206608
8171,0.4705364770602998
16281,-0.03828819882105705
8749,1.0177374298326853
15658,-0.9403341222484087
760,18.516749371571557
8457,1.3559817558585436
1141,13.038502660247609
12853,0.21511897202685049
7721,1.1860860443278156
9331,0.3350386549911306
10486,-0.00676416412731129
6174,1.290295307611153
5445,1.9400774653430446
11143,0.4224242017272033
15964,-0.7998066198234781
7080,1.637332435098294
13824,0.2551161542420388
833,11.890537884888367
6770,-0.7108876202571324
545,12.302872202661852
17714,1.7502693818301438
9781,0.7712220404957222
9520,0.467109202918202
12658,0.007173019526213409
12648,0.05081966153539241
9095,1.233501896887553
15319,-0.12125086453253431
183,23.681710771342857
15372,0.023265550736162766
5069,1.622104535317014
10659,0.4869495120797964
10623,1.060046926217602
13915,0.2101544792365857
6869,1.4182282378008253
14198,0.5510803296215769
3608,2.0078029761441982
11830,0.12045101540137892
16155,1.38686647463782
4838,4.975790257638117
7380,0.702831687518362
6243,1.837113112592668
4317,1.7742278333618842
17558,0.5582584855959922
7439,0.9988107663641799
10217,0.8416638693076877
12670,0.8474715108857183
14977,0.039128206966545065
9770,0.8240160676845889
16128,-0.10535232626092039
8479,1.1911415078450815
8454,1.2479240512071428
6880,2.1525109816435517
610,14.409012746492714
17432,0.2424722906046597
13027,0.58438677267511
14739,-0.19437584723920764
1051,9.757690474039542
4828,2.9645793406708307
5135,2.9370983831397197
8273,0.2855455504610447
11900,0.22481823262261713
4953,1.8903566540498602
3594,1.9149129767734436
6158,2.5913008499928125
16220,-0.2747789900990725
10628,-0.33943901406033916
144,26.008808622764427
8698,-0.2738641703827298
15579,-1.341424132161059
7759,-0.03430659203875308
2981,4.943582936190772
11634,0.3864319545799546
17738,2.060717161286412
15285,0.0892127793768438
14670,-0.1683819963048805
6819,0.28397662751881825
2857,4.939100703844723
16698,-0.32802259803558087
11606,0.018205790011073475
7778,0.03475082015742004
6643,1.7205384923043354
5442,4.189740358110036
15997,0.7287617658147028
1856,6.523980416064653
5558,-1.1845086564914382
9540,1.4045340950530303
12978,0.10278582580945539
17067,0.8096596892753283
12741,0.28643587181544916
3447,1.4734623755783716
11222,0.4024197193827419
14589,-0.23645407587842016
10608,0.34352277920893215
17277,0.2877682854626826
11448,0.3377464617028565
2998,4.119845577083844
5883,2.0277267931755247
1929,5.491395960365956
16063,-0.04641659815624877
15412,-0.3717244404677231
13782,0.38001492076787
6200,2.933582945127334
13490,-0.1864918002968423
16892,1.2035945301196236
16644,0.05777595924794099
17968,2.43106034025471
14418,-0.313790466077684
16619,0.3757860906430537
16738,0.04343857987480959
17188,0.7995811166131901
13770,-0.3117464823533922
11162,1.4467595288369566
13815,0.3579383457362937
5754,1.9502277869410918
11954,0.35473109346917653
5936,1.054454468727407
1047,5.342577827578474
4467,0.1734678851127498
1618,6.528967151872614
17472,0.055888482479581114
1309,10.448050330739214
11357,0.5475950841380026
1964,6.229154158021679
12886,-0.6177376422901446
9173,0.7220384611877577
605,15.259804770622331
5669,2.6879732071800717
10024,0.6173146334708051
6842,0.3792756110161619
17129,0.27437518318320286
2946,4.268783272329038
7751,0.4511558217189915
15407,-0.10817667331418335
9929,0.8849951302542465
2978,2.0825764591847005
9061,0.10650238244354426
2583,4.9029785968570465
7166,2.269443476320781
7370,0.9135612744375052
13626,0.0584544899220063
1087,6.957481324403936
446,12.187915114928067
11994,0.8269614801680163
9409,1.1279125391191869
11507,0.6723343957646861
12125,0.018965655252735303
4059,1.5022546562400336
10322,1.3224656802492447
8041,1.6594912613356527
14685,0.04173346238467701
17592,0.776736972989319
6866,0.42771931099186844
1466,5.0863579572658395
1913,9.04686785327879
9189,0.6711042681463297
12281,0.07072499178922698
16376,-0.23083373485088288
4685,4.015037074950975
4054,2.830126853680916
5501,1.0931374826570774
10265,0.838212652399811
6863,1.5667487575259358
8755,0.853146882773693
9592,0.620405514016305
9837,0.77852119704567
12017,0.4811528621019008
17316,1.9322994275523016
756,17.56012901091784
4918,4.146091856300011
3611,1.9383417683630952
3841,1.669735245605544
12662,-0.05665756219728024
10214,1.845888479257006
4383,0.16948357847558526
3864,4.384252919179765
7458,1.5518665037435184
2268,6.057974238482181
9641,0.3010122809885942
9291,0.47475179359613406
5267,0.6654962650594527
1295,6.80107121226245
2772,4.14164186577775
10302,0.6081976936456712
12811,0.3214026311992697
12993,0.06335746729654801
11035,-1.1507589483247571
5099,2.169826248106965
2747,1.559528735573302
541,16.05239790400261
785,11.922074527637271
3198,4.911511628107199
3583,4.142612196719732
961,7.819511054348617
17819,0.775439975561035
3245,3.2680270893241
5446,3.338879509521398
553,17.771633370298524
3772,3.7663653994583157
14959,-0.6171323825958908
10712,0.28782315852347296
10908,0.37926518840580314
5497,0.9335066008588555
5995,2.2593830326727797
525,19.934748933959206
3383,2.553280633816648
7164,2.878272048541696
3818,3.0999580330741523
8522,0.6981201265259287
17444,0.5954526755403649
3296,5.407406477169097
15521,0.030465338926966012
1501,4.120657448422939
11771,0.12236668551803831
13426,-0.18344124869515355
2669,7.99099673902861
1278,4.998169820415448
12489,0.270064770317326
6409,1.4962401247018065
13148,0.1735496501922782
6642,3.2455777848469083
10993,0.5912831862824177
12463,0.3794393260583817
14067,0.013441318017122228
14766,-0.21173633921791435
5780,2.749274194294081
11985,0.1385680994282481
16758,-0.05664976144851863
11293,1.2731121341539264
15283,-0.11188276421680854
13141,0.13073233552807295
1333,6.721305788179187
7728,1.3621361566095445
2293,3.7125136906355394
9094,0.1518696555610788
16933,-0.04886452642913497
10690,0.4816987930381842
5579,1.1058412729078597
10079,0.542460705997108
11844,0.5728549360387021
11538,-0.6730877500770092
12900,0.10262831352797974
5036,2.624121727022775
11992,0.35260278550870083
15627,0.07128351764526286
8704,1.4878276072030516
3551,2.70168800259912
10485,0.8100029120303063
12325,0.4401854416760429
17755,0.8831464527115358
4919,0.8806131507865231
13742,0.04899509337300145
7889,-0.835759409048002
5954,1.103365719455546
7745,-0.2541757305654997
3456,4.20399693214457
15577,-1.1799006835796106
6463,1.9462362118845462
3975,2.767673658389917
4146,2.6117152155762184
843,15.317272778225082
15231,-0.08502856611145404
11475,0.3120025494030685
16429,-0.4290013197452325
13703,-0.2012113677041114
1884,6.769079357764632
7118,0.6367271436901589
12071,0.3191489739225446
11773,0.3014913892690956
1007,10.007416287162549
13344,-0.08676886739190337
7387,1.35017493804218
13913,0.2011939332414201
4820,1.7653661180909452
2107,2.623387235239072
8570,0.789477826596304
16464,-0.2236496601575979
7588,1.126464619859398
11048,0.522030675572374
542,14.617048935669736
7368,0.7847504739985922
2799,2.6414345919212607
12864,0.3027521328135876
8962,0.8741789286362902
9229,0.6254632433846936
14007,0.03298708738676481
16073,0.33757868454647877
2808,2.8895708683779375
7946,1.741834554139949
6503,1.1789923187799545
9804,1.3828113007962983
2063,1.693227332838596
12602,0.16790226089053562
3035,3.03709845079873
3907,2.1382171228430806
6215,0.9424005562575744
3106,5.130329080851816
10835,0.5665244989768539
5555,3.0932811301670355
9279,1.3381193027359686
2889,3.606864415841123
3985,4.88885617831226
17030,0.4331522874203344
8299,0.8666533847541515
14852,0.1659277548045779
10539,0.952024486456871
2047,3.9743673791361616
4727,3.062928631849296
3552,4.453399293660418
16604,-0.19082314781180543
14353,0.4334664182389858
3767,4.680946731796318
17502,0.6439086431771486
13752,-0.09975881417299348
5918,2.3110390182518685
1635,7.12707987816048
6125,2.523733325479405
15334,-0.17766379278604205
1486,7.4556921542404595
1762,9.364228671871778
8837,-0.11457839960943517
5668,1.4241714744652185
8207,0.853146882773693
12941,0.23856140120070535
6384,1.9612112950936975
1576,2.7668418748476924
4895,0.8081256142159745
2091,3.754225260664974
6517,2.0062288176536285
16043,-0.0989617053460492
10902,0.6123157961100887
11934,0.34417547294685136
15740,0.1579449327182445
16210,-0.14999643677483476
9085,0.6658476774063828
8972,0.9212077843747792
1659,7.957554349050547
12026,0.9804201586965675
786,14.093289659486366
14352,0.3006263858519205
11084,-0.6242865107174467
7441,1.5888854893907407
1311,9.378019643302785
9836,1.3717338790410665
8551,1.049340590722828
9752,0.9191570572666521
8255,1.8203369435075203
17116,-0.007105620461267392
17320,0.22618637743263292
5084,2.904152325344647
14662,-0.2251544086792947
15270,-0.23085784112576135
15628,-0.05864564999914279
10091,0.03537551095705993
12199,-0.1699376858070778
13132,0.2449974659126255
12259,0.1437296353591293
3428,2.1872805305655376
16065,0.08076872192938112
14906,-0.10099361503180404
12397,0.4977497387666219
10482,0.34387187603714864
14971,-0.7531960149911825
16598,-1.1356336805645881
7250,1.622552667782422
13282,0.39515902153842575
11329,0.6657041278862934
6824,0.3582181348850426
4542,1.195750425122462
4852,3.232080454002407
13829,0.47395273250767644
12702,0.549656365329831
12192,0.2459276424231902
262,15.95716965035421
7723,1.5513960542484924
9247,0.7613795619872334
11839,0.057076236733642816
7783,0.3809257038862697
6564,1.376728716383461
5451,2.3131679906963925
3951,3.8589247957008794
2664,4.499674355540741
13376,0.12330910631487058
11472,0.9442406712008378
7182,0.6581320657256455
10493,-0.31500343107214945
800,8.977821749452026
16603,-0.3182182761572747
10868,0.3329158681281328
10833,0.9721443072066833
14188,0.0025541485457480917
1422,10.4728379004139
16382,-0.35398142269952615
10797,0.39088422029046654
13260,0.3603864887083077
7923,0.373199335278251
3010,3.483759296953984
3879,3.8866552448864056
4469,4.239196935536988
9141,0.4772980365440489
41,49.61067782317081
7438,0.7737230642214215
11515,-0.20100636374204583
4147,3.7578083710306984
12329,-0.04386396863885267
16993,0.05194466469321668
595,13.25268654979066
6631,1.5859063096148631
16607,0.6505599705355891
13439,0.2997884654734193
10840,0.6195248585619808
4591,3.2557616865181203
10782,0.44314172363990423
17644,0.8012391034721347
15129,-0.35274890182993346
3211,4.214425833482004
4096,3.2377727503764717
6080,2.01672273790728
2546,5.9459265393068605
17832,0.7304367158313951
414,15.688039672605917
10338,0.7703867390522916
3284,3.1943739959431454
9984,0.8612054542612881
12484,0.5235038263874046
8786,1.0648335419596933
9931,0.5989662569906713
1411,4.387922437843592
9204,0.4108335502361271
11913,0.08326924315937134
12022,0.2585174933191112
6062,2.260510026593259
16282,-0.23658881487856576
11387,0.14255987645531576
6351,1.0545111996968828
10147,0.1535790338355909
12724,0.3607521048756084
1629,5.55045233801669
2335,3.0934145152026176
6490,1.6807074765912304
2724,6.032012943765629
797,7.38181730841071
4646,3.026118266968176
17020,0.36525516946560543
9112,0.6396853547084831
68,21.969953729869438
87,30.690868636761728
15446,0.08504991671880902
2548,5.041840456014079
15505,-0.09953724048839518
16214,0.23066640924772486
12904,-0.22459044059124977
16439,0.13662590835156863
441,14.726414731714605
5188,1.0378011479693257
3604,3.633766002766201
4138,2.4239264259695332
15352,-0.3322439346861543
5310,1.0268122387062348
4570,4.036739715674507
14491,0.13704870465866037
16451,-0.29263309560639783
2761,4.551636703430738
7856,0.8100001114294955
17959,2.5410323336622938
8121,0.6843958457312951
11568,0.24699802587416997
17414,0.5243519244458454
17094,1.0410775679692605
17267,0.4475620890909866
5640,-0.05765337395323655
15086,-0.2410348740460293
17181,0.9337913195087921
3844,3.180213272590997
9267,0.9793555119871584
7194,0.46655302570808743
3887,1.6186062182569216
3103,5.1217024902921295
13873,-0.12174752007710055
16708,0.846800954368895
6641,3.0240566869298036
7509,2.296980322149004
10078,0.38107775195918947
6279,2.6146169303132965
4397,2.5772280630709687
12979,0.41866919062754704
8940,-0.3080840854288809
6492,0.7132218152179277
6575,2.6119690927456176
1530,7.221459540918026
2189,5.026324260883136
3533,3.6410836665890187
2151,6.3987944502925345
2595,6.282048968492198
5524,2.1338907278108294
13816,0.020208940537507658
1139,4.22732224499466
15899,-0.586922782072925
14458,-0.2691880675116707
11611,0.21765291674696385
11369,1.2270537520026537
16045,-0.44741736495627293
10891,1.1255373699374545
4008,3.683909988667459
5483,1.9093312281714176
3871,5.198483899556912
7500,1.6391285265860276
1858,8.252788049557289
7239,2.38675218506463
14642,0.3258092748539738
5656,2.955821885829401
11860,0.3076702021829121
4777,1.5446017535816097
4450,2.164483812413856
17395,0.4409766402477189
16158,-0.26047247493740855
7818,1.580701106529169
6449,2.280698223570191
16889,0.2019276106155914
9852,0.21958095521556942
1427,6.046635080539907
13745,0.22257912405842006
13771,-1.6850667936470032
6280,2.9424234025332723
12250,0.45619358821701184
11110,0.32009508504980744
13138,0.2190018339680293
1624,6.095848579853445
12065,0.07967660964526857
1626,2.6829622489444134
490,12.246593364895482
3942,3.7146575795370538
2714,6.077977048535182
7806,0.8500584578569246
10304,0.2732439314669577
4721,5.263009142187251
2545,3.7128433692571363
8225,0.38516089800310027
11752,0.6557797075758671
9508,1.0303953123642984
7739,1.714989271931806
7189,1.2275194528159474
6768,1.9837034127430613
13927,0.09662484661253501
6390,1.5099753499732103
11599,0.0955853711218353
8276,0.23042132573555563
17597,0.1422610586147428
13540,-0.04811074000847526
6088,0.9280628324979929
12310,0.2447116317875313
8852,0.6918834651598829
135,28.454478293817083
16518,0.24180386813386434
2295,3.868752739576358
17501,0.5918000165048127
1617,5.098617707446003
11805,0.491833605567102
13253,-0.44891797856062254
4350,4.049304774537141
2735,3.538199343769911
671,11.782779888786102
7566,-0.2840807600710846
9181,0.9612235506962108
15810,-0.8556698644940823
14741,-0.11271024765449766
10721,0.32048683227778696
8800,1.5298397165990636
16470,-0.34354215484160733
17098,0.5532076897320692
4316,3.41028772998299
12490,0.7476394435005531
17398,0.8319264814598668
17243,0.37794220421282176
6660,1.6063336858238344
8933,-0.1784432334667443
4249,1.1261977017301419
10013,0.3860694847755539
7709,2.231624984209013
11519,0.15789294023357314
6171,1.0415759074096158
11360,0.4745950078632788
5851,2.6743117865970802
4628,2.222509019453888
5123,0.8568519909171854
12142,-0.43304468645471417
7789,-1.1616927129453032
231,34.27631193756334
6282,3.503217560500268
2590,5.527808577516133
17708,0.5359861180096814
584,13.545606310614026
6718,1.8299369329058877
14216,-0.06433112859409817
7688,1.0256448417174724
9175,0.5640417844992882
12469,-0.4197480372695921
8764,1.407071295157401
7324,1.7359778997236148
4261,2.5550203905300393
16019,0.15632242937265772
10462,0.24657327756491298
2442,6.704723347110324
4476,2.309825793287551
4251,2.6979998130318776
4857,1.9696065483343475
15166,0.1832752374546871
7136,0.9998109599271103
5708,4.844571971706181
12144,0.20570485999359533
17809,1.191747395459494
6422,0.49891902332574745
252,11.331915802185243
9994,0.46521076857612087
14800,-0.09021910497407504
5540,2.012357176782352
13840,-0.20559779528696964
13973,-0.20050762024394686
13525,0.6636836697975284
16625,0.621430779278306
16896,-0.09790264109533808
16037,-0.003955600801113235
14580,0.3765343893181452
4421,2.579146769212052
11140,0.4003197384419579
5858,2.962389751823416
9509,0.8994330186434567
1555,10.918516047218837
10824,0.8204335767390987
8982,1.1222355555704766
2272,3.5579647676922477
1189,7.696426616825782
95,22.908881420929156
16611,-0.2871534741584938
15846,-0.011451253412168683
7848,1.6476492379397243
12263,0.42391287060828375
13799,-0.06747699713333333
12628,0.29743291575012876
1698,8.261148973100596
14538,0.031173819603957043
15206,-0.05426156320306319
16435,-0.49042571537625435
3369,3.938176292252841
14346,-0.3218985489498678
1882,3.450296989163597
17509,1.0586028583311062
7154,2.2689850245904424
15883,-0.11356444641305785
17033,0.15116559159572063
11181,0.3242425886429814
8286,-0.4244992947240078
12704,0.17393721354604708
7029,2.076941995954506
11465,0.06587017002237161
1321,4.433119073097139
5334,2.747903779031411
818,16.974480862917112
6421,1.4809587238514936
16452,1.097715409389032
11991,0.340328468454679
88,21.239953647006466
5969,1.6491388095770603
7453,1.5212274368862992
12378,0.7177151143866851
15118,0.22361241996900816
3514,0.6589342990914062
12500,1.2439768835778509
1478,6.105322409963229
17931,1.2058192403196486
15146,-0.5030658890840201
8398,0.7519728184438392
999,7.804024732967399
17287,0.4104126553601404
5528,1.8945358468250717
16945,-0.4489466995376219
12718,0.6193147557551058
16982,-0.15054630774724131
4392,0.3257658289263574
11330,0.04206997449610839
12308,0.19179581195307804
5120,3.3661203720992248
15248,0.7196977914617761
2774,2.385768848524144
3413,3.770378631017074
11270,0.19192867231094368
2852,3.4787704858637127
2149,4.188266789669022
12577,0.20413864243229085
15452,-0.24524724661612396
7938,1.087650248487698
5943,0.9619664591498847
15026,-0.7559244169131247
3803,3.9168201285495954
11287,1.0636800881982467
6484,1.9398496930913254
16665,-0.05680024161286923
3395,3.919302556439611
1034,8.964173981904644
16670,-0.7935256606207659
7012,1.6629930188066098
10185,0.9228425657753903
6326,1.263122695055607
221,27.621901350484812
210,33.442245796803654
1066,4.996858472854136
7685,0.8411005032110026
6900,1.1730162309757688
712,11.850693111004539
15411,0.9062199113470442
11263,0.041911605780647676
1661,6.703934976344492
16818,-0.1936826937360152
3888,3.2782629252915783
2610,6.816312288721541
10585,0.2537556384711692
6155,2.0953490720504178
1496,8.479010069848322
4695,-0.49467894353850994
12379,-0.3071542415763773
8384,-0.005560316477392746
16915,-0.11682105023005107
11786,0.35916529431991506
4892,-1.2810494974654674
5624,1.9395653971497993
2420,7.180133551537487
17271,0.6004431120627274
2932,2.9458994096067315
14985,-0.03483566985367048
11096,1.054160138695714
8706,1.3793194352930058
6470,2.7023773512129807
8680,0.7104823600107508
11265,0.35039654204091875
8406,1.869450231640819
5299,1.733956305527066
15237,0.6741936529623089
2037,3.869362885896088
17051,0.05097436107889308
14668,-0.12360930117595359
15915,-0.01624853619384936
17452,1.0170844940460384
4034,1.8202351196393565
12509,-0.04248515459423885
12829,0.26773609142792765
11282,0.21416599173573303
7735,0.30126240999111786
1395,8.706221473056466
9778,0.5586035825480096
17887,1.3775326263994216
13080,-0.07822450667882919
14720,0.06448577157203061
15960,-0.9045356334986892
5144,3.875510503100479
8003,1.9159723436425722
52,47.522974314761534
9933,0.5480957577531385
14633,0.18877247297807997
13610,0.06709572062376168
1074,10.737174695551566
12863,0.2163902271250535
9679,1.0969614665778735
7340,1.4386204958427342
1038,10.421458194773031
17044,0.3535507410401735
3757,2.9373787732732737
12212,0.649329164320811
11425,0.25094179965372376
11857,0.2136723962460323
13509,0.17399230758825723
11610,-0.29425313922300944
11131,0.6808455663946162
1727,6.760391057468745
5077,1.5075883480956165
6624,1.8731496804508865
4233,2.710350337550601
9306,0.6952572608856471
9791,0.9674250205905466
329,15.271104929668859
14807,0.07821123864905388
8433,0.6568428481192754
2513,4.335817683757135
1053,11.532150968966953
13491,0.16208098201698107
7647,-0.34563846404058296
7,79.28336980860573
13297,0.05668084512534932
8693,0.8038099326202186
10663,0.287820002438842
2858,7.765941633045962
3377,2.816272455945601
16113,-0.4801126380191718
14914,0.09340282528551569
12430,0.19184531327857002
12006,0.3253161195069012
10654,0.500415034301362
5926,1.9000648149928665
15134,0.13356767398871483
12831,-0.09629376458921257
10541,0.3968324372311187
12340,0.14529950712093154
11172,0.24512963207563843
1749,6.9095249935428384
15402,-0.0423868150829847
7435,1.2333581816639807
8025,-0.09166322188304576
4680,1.9708255484628907
1223,9.378448392192318
245,23.536856128075264
4300,2.7917434970263955
6972,1.5358212769416681
10043,0.39076957515691646
3529,2.81740048840404
8875,0.7476978488363599
14954,0.11488346288600582
8891,0.5783822997220724
1106,9.440890478019291
17733,0.8261574555887634
12587,-0.36719926131372205
16693,0.19478210682171238
3858,4.119387745155386
17508,0.37895990627624343
11073,-0.17373450849149918
2142,3.8970314255797334
7533,1.075512225586742
12104,0.27002436792175644
2490,5.360356419234698
6639,1.818089137495285
9235,1.7075537330485915
13342,-0.07823366439550483
9757,-0.4205888075069666
7494,1.6616458403971066
6445,1.676740934719895
14223,0.09908785951693488
12178,0.23425322396328596
4850,1.5892698462492305
14364,-0.34657325538538686
4184,1.5274249939402225
17978,2.5290852535694697
8637,0.7214961969524367
14278,-0.19273993670223177
11563,0.7283038099143297
16289,0.7086954960857881
14646,-0.15856968474901834
11578,0.5690511401133378
4101,4.712463865537039
12530,0.43023126545173085
15819,-0.45869501285218206
6057,2.8302209166918644
17028,1.0244712429465963
4051,2.7934149331002445
13494,0.4522787898946419
5632,1.2278053154954804
17235,0.44654720728176045
14049,-0.292055551720928
4356,-0.43121404670154817
5086,1.7008705505846464
12352,0.23246088029056722
10672,0.3993340943833843
7186,0.1385562194812664
12647,-0.022938891113689408
6597,2.687241888017347
11362,1.2917871973452222
16277,0.1313815397084781
13348,-0.3943258753594776
16927,0.07968610446014424
3091,3.196882708730179
13955,-0.6675349714847485
10716,0.8590182781208782
2447,4.179320580862814
6468,2.213922076596326
4589,0.43239275322692805
5104,3.126561022117208
5652,3.0080830938732603
1088,5.981845233120019
4877,1.2423857175373243
12304,0.08141237018107716
14367,-0.39082771296904895
290,15.859415177794112
16413,-0.11242994855306421
11865,0.6812297206040441
8311,1.4572182485498146
5074,3.9880882011783214
13650,0.1723433014699296
12024,0.4248227073769826
9526,0.4830193770166815
15210,-0.32546555415527934
11788,0.5493699318911851
14422,-0.07105612227181979
14357,-0.30958763234131226
2449,4.495470767279578
13223,0.9295517963031088
8874,0.7740846240726782
8623,1.4791280083772094
7774,0.7446286736662486
9743,0.6700393859012408
12854,0.34459838358622363
13602,0.9375408556188276
17219,-0.3533586936870776
6278,3.173061946909222
2292,4.4350902406934765
16599,-0.9512715332678496
1212,9.073448561934093
2887,1.931724624142383
9014,0.8676820195240893
9017,1.1257234381008558
7219,3.03694784610078
13766,0.2070546766310244
9249,1.089453819610462
614,15.458030323554617
4426,3.1930613679050666
916,11.255117372359074
4362,4.817464888956174
1498,3.6037793730415544
9027,0.8307811406872005
12462,-0.1671219896862297
17952,1.7849930700895484
10961,0.15084410687244798
623,12.918090291982672
378,17.754442199968956
4563,1.9531246248356453
6955,1.6736905006813387
4425,3.332951484103738
3342,2.6054135043144058
16295,-0.3092739722072153
9773,1.5383498974938092
2871,6.054720559749249
5721,1.569145918159272
6069,2.5029149943322224
15985,-0.9403341222484087
6802,-0.09244937046521073
14424,-0.03493589694000576
14087,-0.2820663185654624
2211,1.5901667221584077
17641,1.3521139751806643
3024,6.48109872843866
17510,0.6796225135432437
1310,10.219373912215325
11010,0.11727658365571614
1009,10.515714643732018
8736,2.287192394706885
3653,2.872533653234619
6400,1.7697305297695252
17701,2.1570996494466286
8380,0.7218266359579317
17511,0.8942390143242349
5841,1.5007606215798361
7384,2.0855780637678762
970,9.204816099428875
12513,-0.030240657057795772
13095,-0.1737812725174095
4313,2.560542490087208
4050,2.619441466570514
17827,1.2320991399484527
8985,1.1369384672182932
16044,-0.030459244614185366
5749,-0.28594044887348247
5550,2.5630642778648607
7945,1.1349138982698932
16726,0.0118395307507555
14639,-0.16973277749514892
12994,0.2890686911006455
12461,-0.11105250635510089
15714,-0.10831663845589645
15806,-0.13863135573567575
6033,2.143967297801673
14655,-0.07545285562091664
10790,0.27819748482757944
10376,0.33353849097272104
2122,5.682052385516634
6590,0.13212521306521552
10036,0.01132179353788132
9296,1.5790279272443044
8666,0.8804734081881733
10157,-0.07835045405116858
16394,0.7765943073701251
8930,1.417848021878136
4170,2.5111804993442135
13876,0.032586657137862574
2344,4.180125342445585
3910,2.764044289829819
17487,0.7222259775135953
9280,0.7209455635665947
8189,0.8183171691785773
2327,5.460216111777065
17222,3.038899660332355
7505,2.080050448081117
15289,-1.0273525861124781
4799,2.507631403238058
16226,0.9818574956491588
1458,6.911976227259792
12910,-0.45017378659355956
9071,1.1866699294034433
16989,0.1912221674704213
11337,0.11225223010458052
7400,1.301606717201473
14075,0.26491470800510086
9138,0.2786709980504085
10003,1.4462768382146507
16563,-0.02233124120380836
17179,-0.458045817536437
1940,7.765736348465616
4548,-0.8456392921055809
15483,-0.042796387454707485
5437,2.297922029597707
15620,0.032712940450089434
279,24.613191210624187
8351,0.13836964542777963
555,16.449320240297673
16143,-0.12383056077795374
1351,3.4080355460657117
4707,2.9354656422834395
8301,0.6158622761450019
11088,0.5104040983762488
11376,0.3706554213091451
2045,5.2338603385541305
208,26.924362882949957
9620,0.44801274598187746
3094,2.261373836701118
1107,10.906435855294056
5894,0.984062843902187
13991,0.25396914146929106
13358,0.5688551711102079
14801,-0.10831413829865966
14969,0.03817460052908217
17463,0.41051805653211915
1743,6.462666005080187
17580,0.8022567852236975
2842,4.382266441503411
16395,-0.3753413565590975
9254,-0.43941127371630984
798,7.150856958081356
12685,0.10334652919095078
16492,0.1072526004083656
7365,0.14206345069208481
6408,1.9309572574966225
11398,-0.4070457933367564
14614,-0.05427260258361599
17159,-0.14899020456369527
8862,1.3786597135181964
476,11.413648788654989
17639,0.503981711795781
12617,0.5168100316748152
7330,0.21647696481041834
17433,0.268100757940239
9681,0.4883358622199907
15669,-0.19940706133147756
14796,-0.29801487373186575
12610,0.3385010447462591
2939,5.916114007073553
5164,0.9330856660253559
11211,-0.6532678468115662
9690,1.2138900380165225
2553,3.713983378517632
13423,0.39061941058155725
9274,0.5894555870715337
9024,1.5804021306181752
15548,-0.09358717616974133
1989,7.232392381002192
2298,3.5952015415194225
6413,2.89293952985539
13533,0.2988169689034734
14632,0.1230571725552565
5715,2.1065539293267577
7327,0.21572418332529963
11275,0.13525971806375736
17786,0.8982800276597871
11264,0.5032571361586733
12270,0.3776004012165046
9612,1.0934249535103717
16536,0.26776791417096746
676,7.731849004358047
13199,-0.3213972975204413
13339,-0.44655003189996734
16129,0.10582931195866507
8145,0.6849596777419364
15005,0.07869636596699792
17789,1.5649379652017288
11433,0.12754236021290666
4800,1.5820162288017556
10858,0.9875643884666019
16974,-0.9111061435917733
11633,-0.10301359361591977
11385,0.5266050673370373
496,8.816046048424987
1548,5.918341702711864
17372,0.5642893926561428
2088,5.332669885326759
17239,0.4475620890909866
12190,0.12774714673277998
16486,0.24343875762655642
8836,0.06232407003002294
16761,-0.17881803725155265
9160,0.20860514393182683
11,72.85113639054987
16688,0.2118058223864594
11426,0.3432920422055403
11720,-0.11762385198176872
13994,-0.012612398903037558
15269,-0.12343816755296899
7676,1.9010502720369047
4639,2.742328777276491
10850,0.5219288566928171
3039,6.714107890598562
10016,1.563588247402997
9285,1.5431653184535534
7429,1.9685580522316783
13001,0.15948914149904425
4125,3.1114995903218343
14617,-0.11084432517450438
15625,-0.17493444710289197
16291,0.0016410652582194984
14241,-0.5583897218301743
5505,1.7109381866047713
6309,1.7924559256507777
1125,8.552979640480707
4566,2.343968947082878
8931,0.4786658609129333
8371,0.4793083678857428
2110,4.006882961001416
6714,0.729179727643519
7939,1.9147567782276198
551,13.20624009485524
4876,2.548052531744524
13929,0.01109236366351496
7318,1.27450858848416
15171,-0.04335718834600044
3792,2.0161878400828
15197,0.08791762198301711
15314,-1.154764380251244
5327,1.9753263706638435
327,19.676196676569383
638,10.666892892186233
5774,2.7095236818936073
13357,0.20759129444248714
3334,3.078644046887483
8354,1.5014776769212048
15848,-0.1365490771693274
12754,0.8506404750169949
5588,3.7741297176948976
17776,1.9911865945424765
14824,0.2213547971094485
11218,0.17181138913351646
11965,0.1922800769056252
15417,-0.19694615224998557
6114,0.6408066731935875
1988,7.984773113673036
5110,-1.0079564592433385
1560,10.837043256320264
11677,0.19648583667562747
6204,1.4496372820337555
11977,0.031557024489806906
6997,3.7526949655118003
11346,1.2474108308216145
4882,1.688808000558673
7996,-0.6748967992539079
16250,-0.1101966333957094
5283,2.379887513350347
3287,3.8061755200387424
4938,2.727951265292482
1596,4.531292949978528
15069,0.11853093301208872
336,14.151160677822212
7978,0.8664867359172419
532,10.666508536557863
35,53.446283665752894
7257,1.7921154140118674
13129,-0.08956969829578298
13908,-0.41380332660617825
17131,-0.7026543892106432
10605,0.3482104554637644
15965,-0.10034333355873315
899,13.184474389281398
4758,2.455293083638672
7828,1.5413112857788391
2899,7.406383411638835
16998,0.002439652209297094
11393,0.5592144287012317
7402,1.3048301773798343
269,23.263952516143938
3628,3.404840862263846
6341,1.4079643203909242
2622,5.7853719446165925
2291,4.383109468011803
6199,2.678383957330645
8191,1.595274149505535
4744,2.3864420857304864
10980,0.4308295093552985
15629,-0.43883985840816564
5525,2.3431390357134987
9458,-0.3795370993337386
17247,-0.02570945432290017
10886,0.6400829609700551
2203,5.868499421449279
11278,0.21458257572003703
10923,0.4999073890456245
17144,0.1868726456337484
3309,-0.25595445223488156
14870,0.1740965099720242
4910,1.5126933589076188
6188,2.128379378903581
9032,1.3905583834105286
17859,1.4912091633681896
6407,1.4518316378672793
14428,-0.595521920717708
3577,4.2646491844487215
558,12.143587198220835
1010,6.952356326582667
6905,0.5248369819413412
10413,1.5299440194244127
14073,-0.3535838212349418
3142,5.500991396424261
11950,-0.20411851014436166
14899,-0.06005713274064561
537,15.003185112610446
5228,2.73481985184997
1134,7.088271754617942
13013,-0.0016409096416865054
3935,2.7090226234599797
12909,-0.27311577928421826
2811,1.981099602608701
14497,-0.6264539211298725
11729,0.6531030322298861
5538,0.16824031110876803
15301,-0.47365912603545013
8044,1.7057584743247887
8438,0.4610871108692933
6479,1.4275496506100396
7833,1.118194891649118
15989,0.21154944940507647
3180,5.773454661938949
1717,5.338214148859116
9940,0.4974181205640136
14404,0.34771324513240387
17286,-0.002187814012181377
5718,3.1115857359946446
17702,0.44960800439408644
3170,4.9048820975661656
5293,2.859888350657563
1067,11.252289012436414
15351,-0.6969809722183058
7269,1.1414923659277392
11291,0.2884460932131603
13713,0.011306304823129665
17427,-0.2467079155538343
7795,0.5961083594630949
7309,0.24687097319638696
8416,0.4326931513201586
17737,0.8262984168879015
1531,6.259337498293625
920,10.074180649503283
324,20.067722219642825
890,12.31838480137582
10124,0.8700829526511527
17697,2.3922894359662124
13331,-0.9484340599278269
17788,2.349169918694038
10601,0.8085343103990326
15907,-0.6314531904377603
14884,-0.3295861211704292
14168,0.1302751467263974
9404,0.9978250214546094
8536,-0.23301648445022494
469,13.982130724280431
7355,1.9485266018271474
11923,-0.15374625223510208
7476,1.0788595026225423
1792,5.980177085212993
10822,0.8305028644018009
649,13.24823816803066
14303,-0.18959795910092936
14479,-0.35179809630825076
2829,3.7646139712356543
10725,0.7660618137520814
900,10.229733555178619
7442,1.6743801244901064
5393,1.83394450416818
4931,-0.6755688341449755
17507,0.5030154935279754
2976,0.13739044630531083
2686,6.3806065921251545
9731,0.8534416660558506
719,11.087695257993907
12828,0.22932046698468156
17468,0.7084831623629739
10940,0.4422736261965312
10162,0.27434206415741613
1710,6.804728373114834
5256,1.7613775565437422
13093,0.3932783990601294
16923,0.7798307359180612
11800,0.3049662963450075
13949,-0.1428442698949155
6555,0.29368803975972213
872,10.970487218892963
16290,-0.06107967912948453
1622,7.158447320907889
12146,0.2531106039136475
5440,2.552580991925389
12931,0.24083767653041122
13403,-0.018175254581940692
596,14.356493742996939
17089,0.27788130580706394
14235,0.27733287085697356
16266,0.6842650976114228
7964,0.6515730595570162
9406,0.9491671110765694
13158,-0.8194596192121892
9708,1.1892897136589156
9955,1.032101510020702
4616,0.9853114560672154
15393,0.12622560613521472
3641,3.3187361298239395
5040,1.151700902943439
15336,-0.059384500328754086
14821,0.32417461231727174
1594,8.034049154483476
7804,0.4842399691177306
12028,-0.08804409876714914
11710,0.6121009911779467
1527,4.291499299948377
9486,0.7959508836567224
3857,3.461559528534785
9205,1.0688317898615693
10933,0.0880004385620552
7935,0.3223450448479852
12210,-0.48172854343216187
3895,4.130063178509538
8895,0.9990438927182694
9283,2.0421000446757986
15588,1.2198109745736687
8082,1.1407416976577096
1022,9.157318438178002
9788,0.7950943698905846
7043,0.9473654259204451
6453,3.1647793601151974
11103,0.11186672147794496
2198,5.717939919398667
7644,1.0621517043768378
12305,0.13829865255032558
3920,4.1044357213189
14534,-0.19860599974709459
13485,0.28427155228839496
5162,0.5025845737931363
10317,0.45067136365664595
7146,0.22609650076889665
7283,1.127196077439912
4560,2.3835505819158627
15087,-1.3857998901472186
1097,12.606267865510226
16705,-0.2900158775068675
7906,0.5552961250652331
7768,0.6489524361371863
8397,0.6449988231277004
10171,0.8207559924070083
9513,0.5719269058452241
1004,10.298037975517865
2977,5.0870567603874335
7513,3.1191863371452015
12197,1.0014126456716141
16237,-0.4968655993293183
6886,1.526860336809726
11435,0.061606024434887274
10763,0.6332313345329439
10470,-0.7306637240566047
12878,0.29601923071140135
6617,0.35427044329619406
1660,3.925240612984787
5910,1.5540509321645501
438,15.905619277123769
3974,2.1065105656253635
9815,1.109209960778621
6580,0.7959449618669723
16348,-0.8579532272873607
10506,0.5761731152267018
6207,-0.15716517260631946
15326,-0.14456224098174886
12032,0.07893527677386913
783,15.038619109113647
17865,1.1866215895538588
14910,-0.04065299279807988
17615,0.26082771962165197
2064,4.614139821909468
3139,4.556646173472181
4171,2.5491175260609893
14732,0.5401311313311439
2668,5.266339097578218
17259,0.41051805653211915
16385,0.01234492230836537
7307,1.8496980136412091
5793,2.651308956630423
4410,2.199251582236478
6848,0.7356873845511629
14347,-0.10156222961848727
15643,-0.1182002408434144
3728,1.8978632438063912
14829,-0.19790255963227565
15382,-0.16569097713398406
17504,0.28640064094903295
16973,-0.08766452975826411
5147,2.4100905271918336
8010,1.2521556488811925
811,6.246497929319126
15367,-0.016507637367546124
11430,1.0845555280320625
15062,-0.12633276990417386
15238,0.09874104951290263
13558,-0.19729787642766183
5006,1.5038423101004739
11446,-0.3977406331870341
8997,1.1654400205302338
9135,0.6248710451925987
7682,2.153817642612374
954,8.367802662697521
7148,1.5599889449626332
3643,3.4037232458792843
4886,1.5977898943181899
15175,-0.20059736400450134
5438,0.8387328698514338
7596,1.3385173059198436
11674,0.4277968854425396
4865,0.1579113098697107
13418,0.22501463679110856
4005,5.086660838655284
12318,0.17460263863554104
4529,2.201150022590717
6681,0.9661263801048037
7615,1.3724417580795532
8155,0.44280956760248813
14723,0.1272647811387273
2492,5.210084121672217
7313,1.8820321210474376
16288,0.20728841664676878
15022,0.2352506084788999
13067,0.29555863170821084
1358,7.549107684462506
6927,-0.11903991678773451
17583,0.5621018929464228
10548,0.18636301400061228
1848,7.8204611912238065
5300,1.490826750317943
5907,1.78472569778517
1730,6.180493307381958
17648,0.9731740965977949
9720,0.824960460605233
8769,1.4349617858039423
17269,0.47107667550758237
12443,0.053822384340712404
8436,0.8193654353422559
14894,-0.0675964705550669
7705,0.892759728270299
11237,0.4968075032959618
9651,0.7808085373599098
4482,2.784806104742522
16689,0.3868471843616348
3996,2.6448990314919953
2364,4.351210576328917
13004,-0.08728790348266813
14716,-0.4114758454386802
4597,4.026435890345333
11560,0.7480553861909343
12557,-0.18510405244752093
11407,0.4486279669201778
5261,0.006500063814506518
11832,-0.017593409724078413
12196,-0.46076877725295873
5211,1.5537968162849936
9634,1.6046564969818107
3675,4.399459505552663
17565,0.7593262912947907
11240,0.4210577669867561
5682,4.050013445004929
4692,3.170707703817122
510,8.69061172430957
12894,-0.2231424195586058
1241,8.998887940060875
6396,2.5734201667438796
14763,-0.24786779433120643
3550,2.384487174086864
9451,1.5795224500063725
717,12.99570770990126
9066,0.7672128579384818
5782,2.2717917176164164
772,9.851452988278247
2580,1.9517196110525319
11770,0.5134200542917071
14119,0.4010297357497663
9364,0.6756926967514616
8151,0.714487244267751
8661,1.441502088891518
3709,4.788238279941616
12684,0.2768209679616618
7472,1.0779078654561758
12312,0.05981112131896538
4600,2.929496817877599
7972,0.1944155590231773
4447,2.4383893289823604
2644,0.6592322692046579
1372,4.377835104770831
15191,0.04553388464392327
16201,-0.614372218098417
14822,-0.01758986244488625
8270,0.4572479786458459
2326,6.595412398148419
6074,1.5160817203844417
8719,0.8815311147678457
1057,14.787334345649946
379,10.542893835161344
1497,8.263460329669861
17249,0.07460778924839673
150,19.34856687317474
8596,1.4327760660886995
13858,-0.06620860688131103
11667,0.007309981919767949
3505,5.158059779847626
9707,0.09057307110261803
11239,0.47792561335884187
17381,0.35015122282063516
3635,1.7737012127415923
3236,3.2992582586427304
1609,6.100329343332241
11219,0.5096139072847379
340,19.016268026222455
17080,-0.17216350236881084
9769,0.932283226482518
12625,0.2122207310390749
11523,-0.49306412959106893
13412,0.0006064463287245303
16258,-0.08755015934907107
8715,1.2284458332440167
7960,1.1675779204822376
16241,0.06915353355827136
10661,0.6434795000986568
10283,1.7948183988744333
123,25.54904628192778
6025,0.5888053973188434
2767,3.2424252641433142
14727,0.5554157717012842
5965,3.211573755320636
3660,4.155184561835647
16142,-0.15135353641240812
7305,-0.6109542924292057
17280,0.6259924904250838
5491,2.853986457250265
5722,3.0144716626871784
8841,0.7399983242890116
5480,3.6202636748844768
13993,0.20694257309866515
15260,-0.1897026343735959
6567,1.6669887536768542
15138,-0.3431779687663621
7202,0.023936195293224216
17912,1.0021023847351742
11169,0.5007401759897547
16963,-0.059147244852290726
9865,1.533310194135673
5419,3.666884141712039
13127,-0.33749016492269135
13374,0.3025971294120424
3770,2.862779046719872
892,6.834959465764761
17941,1.9981421640079233
1324,5.234027494917022
7632,0.22974572143990457
3301,3.8779939597893573
17795,2.7468125249870994
11648,0.8398035559834156
1290,4.134577471263377
15189,0.5339882193228718
16403,0.0966539700066491
4722,2.38472134347014
17791,1.0684656947102908
7417,0.9475418486433895
5703,1.4344843783259975
17229,0.18809915043234327
16022,0.4877685109026473
12221,-0.07682497822205647
154,25.060293342730482
561,18.673832852138553
9814,0.4073526046924414
2073,6.864243278623256
3267,5.628060834274798
7678,1.5961916222280976
5532,3.1762655016144876
1725,6.637627277768239
2652,2.9833447248295997
8883,0.9976249006257021
10870,0.616793783474769
7089,1.6148325093651508
9121,1.0781551611362303
11878,0.21542839836896377
3361,2.2571543870335447
14176,0.19516153458689445
8214,0.15050423119600254
7071,1.3856460407331426
4650,0.3119486116871357
17595,1.3960491177602634
17430,0.28251411553224415
4213,4.038277274161196
3930,1.8483943722520664
7679,1.6540355197346273
17428,0.14339053552182435
15827,0.1392667593306598
11798,0.22634551448160067
10584,0.9669491498302918
14966,0.1671106272872791
11014,0.9768566995998
8711,0.4271734586584941
16268,0.17467399993542898
9545,0.45371745658649587
15822,-0.0770851211084036
8720,1.3709101070648089
8974,0.9116392063460736
5864,0.9742055504378513
1459,9.218625713128937
14013,0.11942101541384176
14322,0.05313454512465654
7385,1.4910124645106393
1809,5.915534696162574
16112,-0.7538698359932496
13819,-0.07981319528301611
16548,-0.031794054536412375
16140,-0.018316850426522535
3936,6.133736998287752
14848,-0.001263827034684084
17126,0.4889324012858438
8701,0.89179594137061
12660,0.41267011611849824
9820,0.7995599379464906
1238,4.179072015826954
3279,4.223492240421756
14990,-0.09554593055157312
7794,0.2863528463172642
10264,0.626646948320051
4315,3.1812790770053923
13673,0.01726482578083477
16196,-0.7871625066417991
9009,0.8739587999260365
10547,0.6921073185346458
13827,0.1470539306414409
6299,1.5524959961710394
11138,0.1892372441589245
9134,0.8663216313905977
6029,3.2421038748214457
3494,4.961722700359495
14854,0.15183702911055974
9930,0.9849826837667237
5109,3.785229389595507
14663,-0.1452722727526421
12895,-0.07639358153193854
11743,0.7160628423672435
7702,1.342193581117236
1250,10.581142675993554
4764,3.266082804018616
5892,2.7475231770305797
13452,0.10252535916435335
17730,1.259968271348093
477,10.334461398353476
12932,0.3724140215024576
10277,0.5928324634161228
10859,-0.14483974420873125
2519,6.852425477110408
16615,1.8457235057438126
4858,1.758843192846875
8049,1.0987970681888655
14245,0.321883156291328
14336,0.10941992851066829
17345,0.22213467798895437
3215,3.6705631151534917
4530,2.1141706419428417
9142,0.043830544377236436
13550,-0.5082121793061916
3441,2.1325022315750957
13632,0.5798621545275395
1960,9.217465002099367
387,17.95263823996509
17814,1.033827808821549
1901,6.270758849573518
3667,4.639504875477989
6497,0.6535920721897455
11339,0.81579322358251
3258,4.3218306448885
13635,0.2528389425354405
10153,1.2766584278264403
10241,-0.08947643746120804
15593,0.07416636481112704
12799,0.15427158469545788
9785,1.4116197986874042
14596,-0.3122317324106021
16211,-0.07131652453424664
4440,2.5124803568733327
14750,0.23605229102087577
13802,0.7716738995952355
14325,0.04853880137346067
10981,0.7122858817445419
4733,2.9555702106391593
7582,2.6270237004984764
13666,0.24610577634674513
11724,0.36611365383517835
13478,0.044913002320434714
10365,0.8911417898381941
12107,0.08184655374875405
3475,2.9854490851808677
17306,0.3361831488795346
2578,7.183987409155087
10220,0.47869580621777885
101,41.89262827599824
17841,1.2200869209668141
6332,0.2554551049955691
17217,0.21519982889955003
2924,5.210527381965726
9999,0.860846910357246
4131,2.3271254436400213
11083,-0.10108414365092955
1393,12.191935987331213
1707,7.523754957674576
10066,0.4564369103736894
3011,4.414789389266524
14911,-0.6400860281345402
938,5.881328955029282
15861,-1.1765043103284043
17026,0.059782594695541036
9503,0.7926098519632134
11055,0.8115725231222299
10492,0.21857703859259203
3424,3.719453473416955
7684,1.1348252667642882
156,25.774218306583315
2,91.89562678337896
5053,0.9899352712412721
7093,2.336137030105043
9287,1.1808854863912686
16512,-0.17346556508928046
5647,0.29086213170526065
2228,2.4698427851764606
15433,-0.18283827545815967
13922,0.2819348740596226
6018,1.851462529631128
17086,0.7321637334191635
3295,1.8662795477206586
5493,2.331227515795682
7871,0.8813449724127267
6420,1.751547492055174
341,18.44996218579444
10435,0.4589334339950355
16994,0.22205584500884612
11953,0.6019566844053017
6008,-0.7917184395001087
14227,0.09278372637160004
30,39.63049653576075
6791,1.098851856934452
10353,0.7270280990031139
10550,0.5301968697341621
1873,4.396156656641459
11474,-0.17586918081006075
5698,2.1798537343570317
495,10.71981100916755
16110,-0.12056380063933858
12773,0.28780227837633987
14174,0.18283626238120831
17765,0.7727817436559477
5397,1.7515365731147412
13755,-0.13701842634902306
16371,-1.597652077727453
15994,-0.09074520422237953
7333,0.6906977897065119
4134,2.9847523888825194
12505,0.047326914407555876
10099,0.29134696322238796
16215,-0.2902614632082745
7238,1.9360954799465944
9302,0.5205927353626905
7091,1.016776312802925
16806,0.20970325220678632
878,9.151021743142444
15329,-0.007230149455445201
16020,-0.1591938168130369
9278,0.22543180110107386
1181,7.780469218472511
16126,1.2782558310529097
518,7.253718637481278
4742,1.6584949524249666
17233,0.2601282724964804
10039,0.8252169942403142
5947,0.3420978238995005
1663,6.846456210045282
27,52.06960386832554
6327,2.52338347470063
14043,-0.20732810880978292
9117,0.20894188569504735
1890,6.593437465692624
16552,-0.10936354031529305
4808,1.044518416434606
13586,0.21717860423762403
12187,0.3400413030359388
12112,0.4299351377882701
4187,1.8093409210269087
1721,7.060315546998588
5412,2.6395171320477218
9747,0.9948938391736633
8928,0.6168632972736177
8348,1.5830714969437665
6676,-0.17165265910515615
14157,-0.3238073301163311
7294,1.3252370455741058
8569,0.5017019800997886
3810,3.581449570021526
11451,0.8699786105474274
10610,0.37540376964255273
4770,0.8357660182760114
15397,-0.25511844587720844
14471,0.2858775503167337
10711,0.2548932743507848
12962,0.17103968752055465
2727,4.998174748447575
13715,-0.023116748761744077
16190,1.6277107628099188
1481,8.56485629924881
15258,-0.045131683489678665
7175,0.8667252595475574
17192,-0.16196466798410114
17640,0.6239309752845443
11068,-0.08641194914060435
2930,5.08549059239504
47,55.84097915059632
8203,0.2063896402497889
11723,-0.018498755892444763
5220,2.6758123341391737
12600,0.12484446209094102
14033,0.04095022490471223
821,12.046705561589555
4394,0.18323103188435397
6993,2.882150972638293
10427,0.02819271813688573
7411,1.2669399205241731
15821,-0.10999874056908965
5578,4.808224805898639
129,26.52612939430491
15759,-0.24949962218284583
11592,0.04101612492765838
3425,1.1753127077522194
7890,0.49870243232404476
3290,2.840349325137815
9840,1.6653530989842906
12228,0.20977836957782614
46,51.511956225791685
898,11.20692391984408
14062,0.007872943453286041
10295,0.45782831939299484
9022,1.240008241784487
7381,2.0912689633082877
13711,-0.08700378093832484
7687,0.6386389891004214
13687,0.24627681445169713
15783,-0.3084818884927998
13443,0.20420774783166706
10251,0.40601853972349744
2232,5.0058804648055215
1703,6.98210411892682
7201,1.3048059643678513
11946,0.3744655316493706
17544,0.48563362210411043
14715,0.291766461043828
15313,-0.5508813513232624
11983,0.4492402648321203
15123,-0.039935631954769235
17547,0.7796083073816575
13220,0.819411077428974
14890,-0.1907705125611372
11332,1.2936600192275804
17920,1.7058857977382402
16108,-0.36306166846600973
12465,0.2562532603543488
9115,0.8237099382036135
1529,8.246161512789563
2253,6.019054468043571
5586,1.6064120534129458
6193,1.5325803318143514
8317,0.32894472450990264
3415,2.1919707237472537
2223,3.9112114218036353
9755,-0.01005394676764837
5126,3.276539312943065
6116,1.5032952481904474
2812,3.3177061373805756
10629,0.8804447973882006
6152,2.5352562048409695
5663,1.8074349739041438
4371,2.038087558575164
3141,5.012474800307039
13043,-0.21168079426644937
1388,4.609263293424952
7717,1.1773087802040365
16305,0.03232724123966335
11876,0.6820776021841013
1966,6.030145908113461
14114,-0.4241520425128229
15881,-0.13680222019126376
10223,0.7384275339768394
8751,0.9390896817395102
8753,2.0615524436869848
6469,2.1620775289225023
1061,8.241373770796052
8929,0.9686320325314384
10922,0.2931271486822524
715,9.91779124673615
9704,0.542976219778744
7027,-1.552715864638266
17451,-0.26938733758326094
2639,3.514517662465913
17951,2.5015938063001
5005,2.285454764889998
5651,2.916499710373323
6325,2.7002445314561143
6923,-0.06923222355226955
11624,-0.004314339898861874
7035,0.8853166340193397
11021,0.20762122799231264
17416,0.29264432119595796
15425,-0.6113310844814421
9709,1.2388954894823812
10866,0.5023397573749477
15023,-0.00975924487773483
8859,0.1307909648637562
6559,2.463627071501598
5140,1.9177051616438447
1033,11.727015781543535
593,15.18662680001571
17693,0.6821140572564062
3933,1.3188779720460602
1915,4.9788224458489125
5367,0.7909270213383692
11664,0.22911529640418138
16487,-0.3181969024039333
2093,5.05843008853477
17230,0.13863322530129807
6214,2.078099778487932
9412,0.6764864929675625
4864,1.439095052443058
1826,3.9274843524179843
13160,0.30440929203791
15828,-0.2813825153132896
751,14.506415339776844
13198,0.14726357382655664
16392,-0.014996756012358503
8938,0.4502109231892959
12230,0.059875121493739414
4400,1.804347060484126
7197,2.6360775570602115
1702,6.401870012188958
8717,1.2583477586938372
3932,3.2264729293295247
3867,3.822481517607052
17551,0.4087788432311683
2810,4.362902196367621
3745,2.9110432577178003
2627,3.9976550121741283
7612,1.620535513262034
2265,4.16098683177605
3458,5.05889884316931
5376,1.404874209552979
5316,1.1848728205360075
4674,5.552900712797786
12374,0.2713550588561233
9797,0.708870733366119
15422,-0.011954568723787418
10783,0.8346237142084973
6427,1.459092587084676
14878,-0.07387799241354998
17491,1.1285023847212088
4710,2.1835791593264773
15561,-0.6254295124289015
4336,0.2308299911738274
7241,0.822975705597905
14626,-0.3128037002485158
3089,4.897309147416642
16530,0.11018683216152425
6954,1.5084827912577552
11904,0.40798086843224013
12601,0.24361247369397887
8664,-0.17846169721418192
3077,6.413573780597822
12211,-0.1228973276532841
14376,-0.16060390321420215
15121,0.14482047940906995
13181,0.06796932770594566
8582,0.5520298741015139
11325,0.8020219831961342
5527,2.160953828573291
1248,10.709486559332895
2169,4.987592484038764
881,9.578972479559035
10169,0.9444589560776464
124,20.642676799115343
11153,0.1446963623901567
9961,0.29129348515314035
12491,0.3085130658591524
2392,6.841165761612267
14455,0.17778669430025928
5124,-0.008499857856300252
12919,0.45905869086086426
2518,2.293306479593319
14965,-0.47348224141894235
17559,0.24059206714756698
10481,0.43118840774854306
14139,0.20829175784995613
6059,1.6625755555829116
14579,-0.03248957224662519
2917,5.031402003620734
17207,0.7197957745633587
2148,3.6079828480734406
2356,4.520271839041378
90,29.8347045169103
17284,0.9786196951907229
14297,0.28639519640179145
103,22.85330455350904
16754,0.6470119867393933
8907,1.9097224768888381
493,12.061546173394213
11927,0.32069090168939596
17180,0.24049192128567398
10551,0.4166589133112879
5394,1.495230191367959
9771,-0.20375291967372533
6501,1.0511944659701769
12300,0.4805887099237438
9729,0.5190881410650476
11722,0.5400565352246005
5562,2.57704343574607
2415,4.178761940005522
7943,1.091927583550607
10320,0.2738296747734168
1860,5.575742796673772
6447,3.1363336478684616
13859,-0.02677724113937785
6870,1.1742991574345112
10225,0.5998520215783216
4252,2.371513553706073
14963,0.013522584366079116
4242,2.370815309404513
12050,0.6746543750691316
17796,0.6060738789307365
2572,4.209472693398077
8533,0.8651787050267998
5619,0.9605635277747169
16660,0.17814342185916843
17459,0.17669502227828815
15294,0.48471416341939033
4588,5.0773203246712555
9308,0.2625134844261581
654,9.837888065909986
7824,1.1265080680179764
15284,0.5280522199394042
11649,0.4674504134208277
3043,1.2317263711943482
11327,-0.5391287877087407
15922,-0.11454788080968825
17052,0.24297812819681752
11637,0.34182920406495754
17541,0.9432108246676947
12170,0.48789089190045587
9875,0.8315548404791784
14190,-0.6724390329967278
10507,0.4470673256370148
17699,0.9305053944718864
11962,-0.3244531381825837
11806,-0.15723794794715928
12802,0.3911429707892964
9697,0.7329322965547291
13155,0.2656417875747863
1062,11.317149110198834
6194,2.153090856533474
9533,0.9973984614897731
4495,5.629812226988456
6499,1.9817624016040654
15940,-0.17769831720614349
1510,4.57473470417235
973,9.949758381574433
11935,0.3557510683065672
5304,1.767316264983883
4986,3.282211468727347
926,10.476043568090539
1881,10.359451413248614
5786,1.8964229820706962
9474,0.5472193640593659
1786,7.0227736160505785
16134,-0.39938662353061005
10271,0.8612054542612881
5010,1.4012647903655235
6790,1.258917611636143
15384,-0.10865340288126646
16366,-0.20246431148793675
6304,1.2896298338479752
646,9.473043971777734
8741,2.4206707705079324
11107,0.2404828205841838
12934,-0.03831289051027653
4334,-0.04925226275290839
14383,-0.24062088316748742
9521,0.8108590073317643
17864,3.082339886377831
2874,2.888841008081549
1961,4.399762259485065
16983,0.289953057046624
8657,1.1827778842474501
8310,0.7880962692582827
7299,1.4996876508808654
4234,2.5342962980550894
10415,0.7635677565250134
5643,3.278756476600414
7673,2.2098218232178723
3941,3.0092864546798452
11091,0.4035809330161939
4905,-0.931426087917977
14074,0.08563593378220702
15878,-0.4123547820127911
6875,0.9389653031239718
549,13.087911788277516
10681,0.691606591533791
14785,-0.08923296351131427
3686,3.985793103471927
16576,-0.0323960855610963
7252,1.6276744628254889
4020,0.43055827625496335
1841,3.4966180196769514
15338,-0.3212608637695169
10350,1.1649900590071738
5825,2.6827248391076566
8067,0.28375951671556976
5666,-0.22888088554447705
12561,-0.21832316552235653
9976,0.47979653261065636
15910,-0.16553806302727736
4638,3.9063100635105954
5705,3.121079994619258
11419,0.508061534387501
1315,6.165986040767301
10280,0.5584241378291708
1506,7.428357453037499
3878,2.344883967937328
16084,-0.03614336624493575
381,11.543647212745803
370,12.115396752966113
16127,-0.11684870493935051
8881,0.8635624448976031
13573,0.10085389018168911
7379,1.930021496843004
170,22.61373514227872
16624,-0.1527693487863857
14575,0.03275106422116636
10215,0.641012294412171
5087,2.1049338631725263
6777,1.0719777354654738
12119,-0.1367987849612362
6999,-0.1678233659016044
17012,0.05838754526616441
6851,0.9603960006188501
15447,0.06374773461370609
6610,1.7156535290521546
14088,-0.4084760813788151
1039,9.95218705196745
6183,1.4119875982116454
10410,1.4554256696359786
15469,0.05032429956280993
5827,1.1840083542440922
16999,-0.7810060509940868
2522,1.5083820338139375
15855,-0.33709085997423216
2785,5.236188057048729
17735,0.7084498502035146
10918,0.4048243078487346
17263,0.5055468861195962
13623,0.29648613416076586
4815,1.536450688788868
3328,2.9560392365317156
9734,0.8963847944053427
2005,3.7529739972886986
5728,1.5408169970201513
4260,2.814838292852322
1262,5.0491899803959015
891,8.931797210342289
7085,0.8590530923397566
509,12.693618744546818
7310,0.5563298545120503
1745,6.125631022518739
3886,2.6825275211395123
6474,2.6547831520420786
12817,0.4962783471936163
7749,1.345409738239674
11661,0.28558396159356647
15993,1.2224279022814457
2667,5.878382191345075
225,20.25535316274985
17000,0.0008929706973148654
2358,4.764743358107232
15116,-0.15083098807213702
14229,-0.544322950516495
6353,3.485297964532087
7413,-0.845118348405272
7855,1.8116712042206515
15516,-0.2916684139694681
11810,0.00447155002671451
10057,0.20524539638935124
11668,0.953260422069711
14265,-0.3567534857805654
3921,2.2694569945906764
12322,0.08275397581987676
14272,-0.12160549245724184
385,8.992295614336278
14607,-0.5313518319760604
3404,3.6764508451298568
7068,1.2706525143967369
246,21.591036230145328
1979,6.035622121260069
2446,5.575906045480927
11195,0.032519485671620885
261,23.532266765733247
6319,0.4528485565587559
15067,-0.19626789235983466
5865,0.15750708563961524
12875,0.21028792410327668
13167,0.6283517931200251
2777,3.727377144552399
11053,0.7991913978324519
17380,0.14381868434347922
10814,1.46094186808309
14134,-0.06410129577987078
4871,3.768153271861813
6816,1.3968912449034505
16047,-0.5366857218069256
2116,4.781707380985232
15293,0.5348092328136644
16347,-0.037395884480368125
14014,0.371307158226692
13252,0.11411710441878853
7896,1.4019540869381544
8037,1.5899520240051217
3311,5.630822879891376
16120,-0.0782678071300964
5187,1.707372955599503
9307,1.676270390026552
17748,0.9293704420656255
12003,0.2647292829055843
6505,1.6261162064067705
17421,0.8048740637067837
3856,3.581031107031059
7742,-0.08917501964550212
11631,0.9191827627434108
15635,0.14424342495460252
4302,2.836880002916466
1162,14.923632497939472
7899,0.4579436828016341
3122,5.0481303287403065
14187,-1.62484159340881
7648,1.4687661963487741
17441,0.7163479414284879
3115,1.7160690646221255
7104,1.8596639889912794
6306,2.0074374533390014
1810,3.9812808935428095
1222,7.76808670911003
13107,0.2621962833266238
16948,0.25774670297114
13517,0.3922542036860861
790,9.65995522481031
5639,3.2796502851097316
8353,2.068972994508435
8889,0.20677354563166972
1030,7.539256651513618
9498,0.2807856733666867
10717,0.39202284145817856
13787,-0.3888142655578477
9696,-0.2642518996069114
5646,0.9254356981478438
12897,0.221234984953405
7293,1.392684899441484
16666,0.3413553788990171
15504,-0.34280139053132785
16904,-0.7214292270940845
11351,0.5113852961418317
8505,0.9702019305457199
4893,2.690247403806346
13077,0.20433312630239442
8131,0.7919222378415256
14698,0.016902243984411314
13015,0.18362685076538554
5282,4.017390463165405
9867,0.7848635687422458
7602,0.369401286110012
1584,4.190622307215129
919,12.049251675471332
3659,4.333143518949832
16016,0.31917124032757016
12901,0.0914939773527621
17138,0.024560700061975638
12681,0.23539221003249367
17341,0.2988868714580022
3174,3.1029878552676777
13627,-0.08853449653177137
7477,1.7035943157136941
8795,0.7163363757799104
2478,2.76837910836894
4684,3.818216922716992
11960,0.3191715892964382
5577,2.6517348931432068
8901,1.2129624815089457
9328,0.02042722991233603
484,11.035026477937741
16682,-0.5087427377104703
4881,2.4483485635232043
9476,0.8709317151310856
15349,0.22481723989761093
14843,-0.49332119681111664
10573,1.2016935876055967
15601,-0.014153726303455016
11289,-0.42870835016561415
5912,1.6075667522952344
16753,0.08991315278088763
2349,6.325330115071203
16472,0.37270093680289307
8777,0.5950637877384324
11587,0.1334230901038822
3900,5.3772177090530064
10827,0.22509619703514971
7376,1.1190899781056984
7862,-1.440491848913787
6009,1.9055848209033783
15309,0.13115873408258238
3854,3.442369243249594
2525,6.123490719380378
8585,1.4506790497682331
927,8.061226755600408
4841,1.4932893370942324
9803,1.0879628428534645
1289,7.475802553475539
16743,-0.36513717124484657
2494,4.292222301996354
5953,0.4975406868141121
7157,2.1337892803331826
6616,2.011193994383568
9342,0.9985457376487759
17007,0.14193674968480963
17806,1.3214308524297067
17939,1.477061235396043
5114,2.759874626581812
13613,0.5644945790013409
9084,-0.8927008753266321
8446,0.44166353558591
6596,1.788867763602319
3463,5.227168249877359
6537,1.0800492722276474
15174,0.16975593555547874
17560,-0.11839946310066551
16830,-0.05531659804990596
6379,-0.10648545921012698
1948,5.806037971003455
5845,0.1301548627551128
9581,0.6684038172112352
8190,-0.8335522466918022
13503,0.13109937885243284
5713,1.0808083072160102
17932,1.5111114333947384
10583,0.24129098534526605
7149,1.7879897941004046
10726,1.0968410034476719
17907,1.7781800386349929
6356,2.296103264857372
17130,-0.2901518429471466
10759,0.14342095825605128
7876,0.8285006220161435
8705,-0.49462513717214307
14051,0.21925277829534906
17522,0.7524481135319618
1526,10.668821996874378
13248,0.2819151097027017
9470,0.2618462514972393
22,56.9887370221312
10609,0.44526592460720593
12302,0.9037926661111371
11509,0.34734326590648124
5783,2.645147316082152
4771,2.9751514459939514
2137,4.255400808170911
3633,2.2934704854252956
8295,0.6748448616383698
9919,0.30131697959821935
1552,7.635693835034878
3944,2.0233926944116476
17266,0.37087752478604585
5490,3.5129039397386563
14296,-0.03404095171450905
9454,0.9035540970839904
17778,1.21010491944687
3865,5.120093543362735
12821,-0.0156666899326936
5935,1.5022341650244684
8264,0.5907987352778363
13612,0.18420089312916588
10135,0.44253931295411775
5459,-2.721775802377927
9878,0.5872183272202491
17308,0.23698460212535366
15924,-0.24736776920503445
15758,-0.4946709523233537
6148,0.9081234156697278
1455,10.866336808471083
6487,1.1697484363546877
11998,0.5054564577239589
5354,1.301563521509273
1024,14.342186446005933
6963,0.9304414315804408
5151,2.5073630523064523
10604,0.4434100661529712
11778,0.8989720472273106
13631,0.7088988660322499
12923,-0.437662587577627
16641,0.3088880862332317
13313,0.08707282479021927
10471,1.1579510417664594
16458,-0.3040722211641551
7842,0.4568616223965236
362,17.840225180219214
11171,0.0175578255986224
1235,2.6914683004046296
14779,0.004252434649991699
11440,-0.38923153101871577
9942,0.33322822392093343
981,9.312134824865261
9687,0.9468504590322127
1833,11.399069574572728
16009,-0.3652651268158209
9078,0.8235947902635345
13075,0.1396620216719313
3332,1.0274719996306416
10897,-1.8426960186844568
4472,3.8403392696800083
15039,-0.4283251161963122
10787,0.4113932202757198
7459,1.4238246213260979
2407,4.927966730122442
14946,-0.15517053405415737
4974,1.8074349739041438
17763,0.9434385866061845
3079,5.050550993267869
15761,0.736672985037579
10643,-0.25403541653333406
102,28.144422859421688
14900,-0.20339156117473323
6346,2.25887890324136
5301,1.6242436302929306
11191,0.4988322220952668
8427,2.029459004854651
17571,0.21510235804472444
15777,0.22743004187943683
2794,6.090389080183023
12422,0.3166755386174813
14828,-0.6345665408571293
14295,-0.428170261142391
10890,-0.09983293866299192
13191,-0.1331695075383621
669,6.837432583161153
5800,0.4483197352692727
2254,2.193195619778514
7277,0.9533208660277168
6070,1.3914715569590825
1846,5.2468540635628
15781,0.12809515026744833
7304,2.221556853129975
9043,1.1805568951821996
6454,3.4748540681697975
4333,2.9785417023984095
15670,0.3457011301798829
5013,1.7488245866994632
17117,2.624548387213558
13340,0.21523754170186038
14286,0.31530446988818284
45,37.52509017322381
14395,-0.7176070635508793
9906,0.6456356110824899
17290,0.681164891270349
7038,0.6404240560947798
6554,0.140320219761513
1777,5.904751885799236
12183,1.000492675871719
2375,5.832724690098665
17727,1.2666988895099038
14709,-0.1839820793358129
11793,0.37813365570362834
6690,1.4190299391663288
6704,1.6664103293503487
12940,-0.1772102949872547
15884,-0.5142395275340235
10327,0.5062867904546451
12531,0.2207681600958935
7714,-0.27416920615667806
12215,0.9106813094338335
3329,3.934448715621606
15448,-0.11048850756296957
4555,0.7029478380834959
17761,0.7526194598519922
2945,1.4160382984920759
1306,5.777596115096252
6897,0.6242179085165773
50,55.56971909364653
2177,4.570236342593937
201,27.796440714086025
9123,0.8642260645485393
10745,0.4599277063595011
4645,-0.8539388592134358
4119,-0.17214636614060197
14269,0.29584733683301323
8456,1.0918152341924028
7849,1.4919539345390191
11194,0.12924016262916638
14355,0.2965936138787342
3071,4.2006961906706906
10574,0.3185861475165197
14268,0.3289925600027104
1604,5.296720244578005
3734,3.223276204427343
5465,1.0427495180176933
2050,6.351950914573415
17593,0.7456976796055343
17855,1.5145836774203971
131,18.533667271658253
965,7.932303928576054
11011,0.14677031187650158
6440,2.7356846459734
12492,0.35249100454247895
166,21.892027872752145
6958,1.0218388149462427
2337,2.456787400091649
253,11.528182959677956
3235,4.037240696336561
6586,1.26746062971565
13972,0.22221674057822582
14219,0.05288461038130521
3780,2.739292795314576
16078,0.0001567340384198701
7589,1.5005789968225471
10910,0.024059358546644205
1349,5.934942924744057
2310,4.25401996558363
14369,-0.4863092936420017
12241,1.2141463968065338
11442,0.4140217338898182
7114,1.7929004566536761
17124,0.08412423142819847
9038,0.6365031310904996
17946,6.820210189941157
4110,2.4259405417684476
8266,0.5481141044527575
3321,1.7017439311425946
3696,4.132924239817491
9910,0.993512937693275
13817,0.0008154678580396535
197,9.913601424035129
1192,5.202323100900905
8766,1.815693671390072
6775,1.9555064274349192
1103,3.3387951249848626
14324,-0.026727295234373116
15931,-0.3538839780075662
1709,8.191452716511343
8162,0.6418077189362279
7545,1.6246426154598836
3580,3.1769006820151375
9091,0.8125583168837736
2025,9.21619734669951
2802,2.686239747156513
14451,-0.4203003997406043
10554,0.6728794569672445
14301,0.2198943390975714
17488,1.2218009332356772
3991,4.967584332577836
17599,0.6202139691192556
4126,3.61248644779635
8053,0.6758026318443271
7617,1.0212964226785957
14697,-0.19303435294302318
16338,-1.046437901197045
7947,1.2521556488811925
971,6.990786271710981
2927,2.731971792010903
5387,1.3886436797555675
8289,-0.46772277251196925
9601,0.5424390095881151
1304,3.985024196201941
1196,7.9977896750751185
14777,0.4889518253738103
7129,0.5622894387549522
16493,-0.024465733109316545
3983,2.692086757554101
516,10.729580084568788
11969,0.053673073382491054
16378,0.7295670406977379
14778,0.046150667901819986
9673,1.3197293751394668
13447,0.3777629790684429
1156,14.059162144130617
9310,0.8518547555071265
3735,4.801175162758817
17898,1.551844045682948
8018,0.5560127224495872
15895,-0.3839003016156326
11576,-0.14252209263950277
14955,0.3575965649372037
49,43.35788385867931
4009,2.124371879855822
5857,0.5773059912672736
9969,0.05013517744423979
10957,0.508280318137416
15230,0.8376634930746079
5521,1.4043711275366988
3392,3.912823454273557
17711,0.5407131507060896
3090,3.2090730378071086
12885,0.8196988004873091
14146,-0.15260788842417838
7737,0.7870796795860642
17741,0.15890762701439343
14438,0.10325375697114936
2350,1.6213580604617945
13851,-1.1522247969875892
2493,5.560489268928272
14628,-0.5095802925602939
11665,0.5757162246401819
8108,0.9330041738926056
6566,0.47893739072508623
12507,-0.05846073276911312
2671,3.4338567813621736
13625,0.5840874902147775
14499,-0.22868193966264272
8444,-2.126594771893572
17224,0.09235926934034211
13235,0.03872866695112265
4948,0.8341508636177295
6166,1.6966596399376428
2429,4.132414232794979
13137,0.0684891135559198
10524,-0.1635789463196673
15788,-0.7635268741114274
13763,-0.8472504764317605
13145,0.34269608587387523
4787,3.1605144938865735
7178,1.2928055378382552
5207,1.3767946994419376
4751,2.710119641049168
13708,0.07919088224419824
17743,0.3532053838882021
6763,1.823438628972177
4688,2.4096572655433235
7432,0.3587899305803077
13746,-0.08806327367629052
5315,2.2996391609762767
1409,10.045027197230972
1261,7.622705148331214
14975,-0.006272750938883576
16663,0.18895131848028512
11478,0.48340209711579263
5362,2.5551047477084907
5535,2.430940647198291
16765,0.220178994046357
3903,1.7465557668395135
11660,0.30636885343988496
13565,0.032833012115695226
2319,3.02646177950205
7554,1.5654838654432623
15986,-0.0034375136351698643
7651,0.6535036478583933
11058,0.08425875667210647
15496,0.20577622785997818
9045,2.020852683474139
10825,0.8610617893101775
9284,1.4411456711270816
7638,1.3327012830880776
13369,0.3422204539541198
975,11.29828611685138
3185,8.051133695734073
7839,0.7423779595763094
16230,-0.29317479005045044
1277,4.792644429039903
6289,0.8985227965053113
9693,1.2042709120309425
7977,1.0892865117021344
15632,-0.4463026520851727
1704,6.430661697099218
8458,0.5553496107443365
17331,-0.5583967844348123
14141,-0.3540441422350753
13606,-0.06236176360321366
10340,0.5471089417512971
8712,-0.17198781450230882
15074,-0.1809377766262017
1285,6.842035278396899
6702,-1.5125096373944373
6985,1.8632667382401493
824,11.399823852237482
12640,0.7851410866492117
14094,-0.05053996191640664
3208,3.909122323080844
8422,0.6979141827985913
13725,-0.11634652919418187
13255,0.39403930220844785
9493,0.5076390264065012
7003,1.8176364761159434
17692,1.3834862149359068
4417,3.961375505363513
10372,0.6040715711771085
1070,9.597914929096099
6882,1.1040839754582166
9584,1.2500969759755876
8688,1.3364760143398016
34,44.84420849072446
15925,-0.6521665705259423
1637,5.484330934507703
12311,0.28680635577622837
9959,0.2913483995856083
7306,0.4690053113641781
13325,0.4224459107515699
8102,0.31252689478304063
17732,1.9179485973796844
5131,2.987297714207152
8674,0.06498603049197271
14350,0.4836221643606322
5160,0.7365889806614447
16747,0.6435462251805788
4177,1.9729168246417643
10122,0.4477974137530154
1802,6.957439210660077
10229,-0.29451587313554484
13117,-0.2564005880065068
15549,-0.8611455059170012
1140,12.000650786871027
13275,0.3062091872194159
3869,3.28576383073311
3794,2.9647913460696245
6111,2.264707185627479
15663,-0.12181737082082833
5942,0.7862987586914514
15423,-0.3058363971329996
514,7.987959215533998
11069,0.20167019140071574
17458,0.45849381599443717
9750,0.5592190375909283
2955,4.345870306445725
11858,0.2102019224781415
13952,-0.2261926286004794
14401,-0.18672533708016914
11676,0.8845678587003007
8130,0.43319295768878163
13757,0.10464289428704632
3372,4.772783869226934
13280,-0.21731997724248941
14431,0.15784539812167253
12974,0.2042180839836405
13811,0.27677831462684566
11038,0.06354916870858318
15435,-0.6234159252156317
13241,-0.03226236904425406
12982,-0.7660436473916334
7142,1.8582412888374265
16442,0.12102387164654971
13229,0.1102631515208472
1176,7.6170111241972265
17,47.24730906809332
8150,0.7105132581065661
16051,-0.2902614632082745
666,7.31541614341679
15280,0.25032901397118934
7771,1.335482679920453
13907,-0.17504064565540745
11114,0.21422933314121195
13203,0.07149737882618723
10077,0.9430720510826447
16825,-0.10725591002714197
2104,6.687027758294583
912,10.59310993975992
5787,0.740955146003806
9505,0.5359751154048169
7326,1.9366962360922955
16771,-0.045540458281898566
3806,5.471723668617692
364,15.356717197085423
7258,1.4201074098242188
16251,-0.7090345277266081
5692,2.8413755998264136
7352,-0.4215656451654368
10567,0.29924238480415255
6970,0.9909979522068326
17821,0.5257522474946441
8158,1.075276708721411
16502,0.018772684838715747
665,7.541387860246083
6317,2.460216190379491
11389,0.4773710880551434
203,25.339675042885084
1274,8.57336778142308
6600,0.9869099715245611
11956,0.3314756009769937
6467,1.70977418035951
15110,0.7974139686712292
17916,1.3403392787579875
6736,0.7963542702861943
15364,0.03861380958061744
9240,0.2577051563558186
15634,0.5072168467887579
8713,0.8400198854558809
4423,2.5287347382726395
10,59.59468546030424
2827,3.4053243727133164
6115,1.5007688729312676
9431,0.6554695761516811
2678,2.9813843881432476
9003,0.5108167591967501
10637,0.9569526724263184
3201,6.201396602035565
420,18.57769253151408
6491,1.4645538276970385
8508,1.5675936585712904
1476,7.222832401782675
6042,0.8789161849553508
17279,-0.15252456313350393
11121,0.26882088390103576
7963,0.150374032959796
6921,1.9941225819759367
7285,1.2162253477539693
16821,0.02630352421264348
6455,1.2032909763479367
2325,5.76948883651405
10000,-0.3042190563807665
4517,-0.4722510659768844
6909,0.9809560520545446
3140,3.502942107793409
16752,-0.22156000283076338
11932,-0.08360561337295991
4240,2.1106570435126386
12077,0.1302285849805216
6683,1.3446081379382449
11238,0.6440451610749207
397,16.127469022986183
6109,0.8416127100243429
17096,0.673884313075213
15853,-0.10096213306514557
6607,0.6025840802589286
11726,0.700871954510454
14306,0.38266541985614566
6430,1.513607000684452
14323,0.33175020953895995
14994,-0.29386857120690735
2793,1.8631608481801933
13609,0.34768276444270185
13918,-0.31047033671325863
16966,0.22865596081708617
3508,2.5999329912153755
2920,5.7401637465401265
7916,2.4382494472125344
14684,-0.7945987990624488
2233,2.5180127221697646
1912,2.843182942030232
7279,0.1928979313201964
531,16.113120027957528
7366,2.0466950840307945
56,38.95052529276182
5021,3.060144377586248
8659,1.2247133137686816
5217,1.478849139809732
7143,1.2196626112774638
15721,-0.10324005850313966
14299,0.0835779329998374
2585,7.42161042396139
17657,0.6150908132195738
12114,0.3880965144633066
14564,0.011800619687015512
229,33.253817875050196
15264,0.20284865300222776
4557,2.091260165430917
5979,1.0785334994885645
4153,2.308135123924181
8523,2.161905216081344
759,9.578972479559035
4408,1.999509404077365
16732,-0.15325584288260785
16631,-0.2896352433919489
17253,2.9357119450147806
16028,1.5854746638697392
4927,2.1429493272091165
8080,1.129128294228103
5061,3.397636049416626
4043,4.2981235150700385
14488,-0.1388856931254807
17321,1.0974855944727793
3407,1.5938878220636283
6785,2.047354560316471
14125,0.3771174066839009
15065,-0.5120834684088962
3445,2.3279259445391958
16426,0.34957099486606324
12236,0.17160019902919288
2738,3.921984372626632
3820,3.8503140934114057
4475,3.0303257399982826
7897,1.3838274173884244
15536,0.7355350676876853
10478,-0.19217825318754223
4659,2.8936884574573227
12289,0.06127474090185814
4562,2.2512210276387563
6489,2.757040828278882
17698,0.811120564426183
10390,-0.4538593669111677
10631,0.5304492499666296
1511,7.152748613721052
8738,0.8936710145004199
7511,0.8638861489341636
7207,0.5655817235561855
16321,-0.027803791402369882
14706,0.5759526232795835
8491,0.3685472660536888
9483,2.0267060578872744
1706,8.555628097896196
1129,11.552653554293265
613,10.409816625561028
11682,0.40547893065109264
12701,0.2581934028611599
2154,4.4333401803029275
6164,2.7246906904931265
2144,8.44288375117565
3178,1.9134846700408659
4189,1.9198199674248926
4470,1.1789895237941082
15509,-0.532231529079759
2560,3.7531856848681784
953,12.583409056795226
17520,-0.05660853160654966
14115,0.13452685674939602
11450,0.6847907513321658
1575,5.658646462538307
5155,2.364200396055388
10204,0.3046032352278516
7929,1.1675487875765427
17610,0.3564670131157399
1608,4.769673710598504
2346,3.11788898104097
4926,2.3836074993189627
13304,0.4228002641478028
10259,0.7744055961319631
707,11.20692391984408
8485,0.967903702049675
2409,8.228012818812907
6753,1.4795750716003155
8514,2.085112398605638
15991,-0.1610499571897961
10982,0.5540745529580064
4884,3.1415937524109765
16788,-0.7049336516053799
16099,-0.2340681834716989
5250,1.0174512964791447
7446,1.495933556911119
14138,-0.2259461363532651
10230,0.1084666990527623
4945,1.952056002111128
11498,0.45400853943925057
1877,8.550386570460198
8391,0.42095022913255065
12514,0.09268510513083328
6980,-1.3434732375049876
3387,1.8041580845295684
1675,7.3736402987269045
13532,0.2007685857179169
1716,7.9685646237609475
10836,1.0373357859037
15702,1.029366164906115
2756,1.028376871930412
5517,1.1481975791628471
2041,2.3033482569397776
9558,0.4425446739154708
3136,3.0789849420040625
6813,1.963740980779157
436,12.666552551974767
9554,0.5501227463309917
5149,1.9512766567484547
8802,0.48304684743637694
5337,1.173209868712739
4971,1.7403585710734646
6967,1.1038438854331432
12096,0.489274188996653
2604,1.995842706757962
14726,-0.1700820808138772
5439,-0.7483663344319567
16883,0.32393222999898086
11652,0.5112180474503631
14349,-0.3800229709494616
10222,-0.4159540872335654
17396,0.7110852080250893
10126,0.357049249433679
9861,0.2283916122149705
9266,0.5410091161804402
1734,8.425400808880333
10332,-0.14116030057835616
2001,7.2180191570488645
5289,3.4594862604486067
14584,-0.13411993325690474
15439,-0.1661678778185447
2053,6.5719726903237685
7777,-1.274940284731123
1063,2.380674971136976
4114,-0.19192241753149375
9953,0.8925544920107811
10452,0.4156534479132219
4716,2.96564108674405
6477,2.1034091056646034
8048,0.6936442177977469
2725,3.2927431411099164
9445,2.399740830902253
13794,0.5760068583768927
12790,0.6099300652299675
1259,5.658646462538307
2980,2.7331340351528794
10770,1.0482206004164638
4455,3.3538668753642966
14287,-0.3800408590530324
3874,4.584706457593562
7210,1.4247049028680223
15906,-0.3661608293433929
17344,1.506575673021679
16449,0.5248717936773559
5880,1.7693060779238223
17397,0.20723291706379854
7922,0.5694679839600596
17291,-0.06574718568021609
11520,-0.16170295371518506
3704,1.0402870362097971
5,87.08228035706111
6026,-3.2540069170384314
2024,6.536471872212012
6776,-0.3223503134649164
13224,0.1681366134154061
9242,0.5340493471267607
6435,-0.4474148063918122
12254,0.3065156725070821
15975,-0.36289602201203053
4575,2.230031446995035
372,17.38280463573809
515,6.802592909695754
4093,0.17375084141257702
2675,3.5289861268132015
8531,2.24170664085576
17486,0.8438686683278931
392,24.506219997467234
7580,2.670757715159361
398,12.846907963336086
12425,0.24834967272368402
5584,1.1197371014287043
4629,0.7715883051926582
6123,0.8590658572282948
664,9.747255898690916
4238,5.321194136162994
